"","eds1_a2_r1","eds1_a2_r2","eds1_a2_r3","eds1_a4_r1","eds1_a4_r2","eds1_a4_r3","eds1_kv_r1","eds1_kv_r2","eds1_kv_r3","eds1_mk_r1","eds1_mk_r2","eds1_mk_r3","gdna_r1","gdna_r2","gdna_r3","gh_a2_r1","gh_a2_r2","gh_a2_r3","gh_a4_r1","gh_a4_r2","gh_a4_r3","gh_kv_r1","gh_kv_r2","gh_kv_r3","gh_mk_r1","gh_mk_r2","gh_mk_r3","myc234_a2_r1","myc234_a2_r2","myc234_a2_r3","myc234_a4_r1","myc234_a4_r2","myc234_a4_r3","myc234_kv_r1","myc234_kv_r2","myc234_kv_r3","myc234_mk_r1","myc234_mk_r2","myc234_mk_r3","peds_a2_r1","peds_a2_r2","peds_a2_r3","peds_a4_r1","peds_a4_r2","peds_a4_r3","peds_kv_r1","peds_kv_r2","peds_kv_r3","peds_mk_r1","peds_mk_r2","peds_mk_r3","r1ab_a2_r1","r1ab_a2_r2","r1ab_a2_r3","r1ab_a4_r1","r1ab_a4_r2","r1ab_a4_r3","r1ab_kv_r1","r1ab_kv_r2","r1ab_kv_r3","r1ab_mk_r1","r1ab_mk_r2","r1ab_mk_r3","sid2_a2_r1","sid2_a2_r2","sid2_a2_r3","sid2_a4_r1","sid2_a4_r2","sid2_a4_r3","sid2_kv_r1","sid2_kv_r2","sid2_kv_r3","sid2_mk_r1","sid2_mk_r2","sid2_mk_r3","tplr14_a2_r1","tplr14_a2_r2","tplr14_a2_r3","tplr14_a4_r1","tplr14_a4_r2","tplr14_a4_r3","tplr14_kv_r1","tplr14_kv_r2","tplr14_kv_r3","tplr14_mk_r1","tplr14_mk_r2","tplr14_mk_r3","wt_a2_r1","wt_a2_r2","wt_a2_r3","wt_a4_r1","wt_a4_r2","wt_a4_r3","wt_kv_r1","wt_kv_r2","wt_kv_r3","wt_mk_r1","wt_mk_r2","wt_mk_r3","wt_un_r1","wt_un_r2","wt_un_r3"
"AT1G01680_PUB54",15423.2499856208,7711.45865665241,8691.22971795295,3972.50373839567,3142.11231950666,1662.79347821515,5150.57080339871,2391.64529126446,2060.19594261743,1401.00941477836,279.637165830118,192.855022452702,13664.9201561326,17454.496452949,16749.5634309098,416.250420542225,281.889488497518,198.956851159639,506.610437191219,928.179918891784,438.069480179581,309.436554734266,311.732549293016,140.107613594928,604.578586562681,784.874052440656,598.964803108552,20420.9648886729,11880.2358135035,13096.3444674142,19588.7918567413,15545.0154678669,16131.2655993262,16639.9000001289,7900.4636792299,13354.7240306368,9984.08061964836,6345.97006940449,6102.3032221603,14067.2496197305,12968.5512978234,9943.10796565373,22789.2119653271,25180.4054767127,17179.9174402298,3793.43328171032,2761.66696109026,11835.6255453903,2091.72553722309,2868.70345855479,11391.5437270427,16565.3495109416,8668.66402805921,10732.7332964212,15685.8250501746,13769.7420064388,11725.9371838115,14833.5628463472,10768.485722189,12883.27569723,7539.33989584482,3373.39762899621,4757.52128008872,16353.552449817,12213.034024251,7768.25738112416,16607.9158721022,40832.7136265733,14480.716525069,8644.00260613441,9646.87890566085,3008.67434557654,5879.3800009018,6768.64506267594,9111.44822511946,10778.2811517427,10684.7584193551,6388.89862896095,13402.606821734,18984.3024091411,9599.08717751137,8033.54331577244,10409.6549988468,3550.84860693507,5897.35261864396,7183.01505482584,7070.98756237619,14434.9792523457,9000.95898597118,9129.03473761175,18624.659763505,15367.7032727992,15330.9708207032,7950.48110328633,8628.94779913476,10472.9702929563,7775.80253092139,7266.03474997587,6891.7997394476,242.832559567738,279.955784498422,1434.99585934994
"AT1G07160_AP2C2",2721.08633620441,5552.13818618392,3779.62260704235,9608.52300869198,8113.70573477603,5451.21696695358,9010.25483870203,6912.03627066242,4519.25887934002,591.489453328208,491.617163367949,195.89526216932,15264.5432403557,12094.6488870424,13550.6627532602,10240.0131727155,15511.1077610628,8330.96012547202,8126.51826732914,14807.3205333588,8407.48670753659,11701.3458174047,12295.377588711,8084.69563701406,651.169493847648,625.746274019431,293.460794488022,1423.25411566534,2121.94313966304,1057.18100218795,1765.87697098679,869.36444461741,889.422626145973,1892.45051766758,1903.47832543278,1221.32589872211,526.199854650405,587.856051494804,188.432406750944,10114.9834623766,12467.1653239458,2097.9145120445,9385.82412602002,8999.49064036506,1334.80899904849,19885.7022262346,13455.0135877988,2039.13273670466,1001.10030711119,562.521427777447,401.267754866282,1703.20636681611,2639.53110899141,2052.90106047543,941.671731504738,1770.05729131372,1603.31464518634,887.71063260523,1778.10765797299,1295.64885854991,138.312497553737,230.731549380428,158.108433068485,5133.86699379291,4421.48447188218,4978.07611159625,2439.36664120842,1865.1465419697,3178.78043263782,5351.44402674295,3905.57051178218,5741.11333217293,430.814618712361,692.388714080248,400.971605777945,3475.77989539448,2829.20256613058,3509.71365304535,1652.23627622588,1157.8272254087,2183.41456678861,2726.21182555766,2257.13109234103,4298.57795657257,384.687881820496,265.608904829651,110.560360394355,2658.4983294234,3781.1465451711,2920.0390615705,965.015342232221,2991.80114925413,1463.43553149543,1765.28378091546,3602.3037679235,5752.95447018662,288.7576132703,184.928859567492,212.074117820395,16.5085220046445,8.09783902217312,21.6626818849892
"AT1G07920",1211.16334723187,6223.24665165342,3370.45831821079,11045.8214148421,9977.19203653428,8443.86575198846,8261.79681715569,15142.5731234496,8087.85701272317,31142.9738159583,51300.4308494998,41786.2103123594,9519.15976266177,6438.04918979399,7497.99605628042,7491.34240077455,8114.73731893123,6573.25906819743,5616.24836775818,4732.95693447837,3743.41123091416,12437.342443191,8802.72400643204,9691.69335006669,43945.6813719402,36245.8033990376,29164.6665131951,2413.40820950329,1578.74865384384,1398.49465714495,2373.30358347172,1864.91692931547,1091.84744565192,2551.56953149647,4221.63500852874,1299.88051608131,14083.1924949521,12689.7111253281,6708.66934296946,4832.58602620857,6386.49496875099,3186.688185106,3792.00205895356,1886.27659343771,1780.46825443713,16132.1404334016,12962.5445805474,2512.86478268594,59334.1734455045,50168.7110092411,5730.66090987657,1973.59119205672,3067.31188050954,2096.5892612557,2000.30726912544,3382.66934636919,1333.4824570162,2379.72982623334,3163.98893300712,1727.17670780769,7371.42253169936,20131.8156220649,10916.0190149784,4194.28063875289,3512.83393013132,3250.96462472779,2566.04768606745,793.712498249601,1471.91177695103,5950.78582236138,5194.51919663792,7927.1914641243,31362.8256000511,23254.3502927783,7953.86195645464,4260.87244339324,3209.21723263675,2939.22558894579,2357.0368174163,1638.79317086202,1473.02863183902,4875.23117599246,4239.26817653015,4712.8167075874,14134.9289927507,16316.9173861878,15471.1363247443,2243.72475670985,2846.21971008095,1993.96416336205,1301.65023969804,1117.86997552315,1387.54655627947,3046.33406177727,3346.08884531022,1786.2462456964,8162.44553315523,9611.36378409385,6718.4921352933,22368.990340193,22866.4454594625,18480.1282821234
"AT1G19250_FMO1",8379.72409568534,2795.28855840095,2178.0895145427,1234.27270171697,1693.46243905292,1035.11620043241,1468.81765433787,369.785410459218,400.331035922579,615.765166308553,84.6050048066032,381.528578274796,17597.0928933839,14189.2760692934,17745.9924308496,259.656137206194,181.281860833561,431.961338036777,651.779882793574,318.954890477826,756.2875581094,1044.68387708476,249.207761015699,667.825439166636,376.987348547578,172.412451164369,253.483953905561,8607.61056773292,8329.54392343206,9577.00023206816,10930.6909711869,10362.9457133391,11864.7172050192,10507.1361688008,6760.22031158306,13534.5108255057,3776.9168494914,3296.67777715943,1175.3485207716,5093.5393613032,2577.35539460964,5730.0989384229,4159.84020233612,4799.43060965015,10474.8722983331,1257.37654856668,1537.69526594527,6128.23460035743,600.128322921034,1090.10731425082,4526.63419736585,27651.0305061084,12666.0093340314,6894.86137571678,24945.490903129,13587.0804070331,8375.53722597726,27272.5298282483,9844.59614954213,7799.39706942944,7780.27599678469,1913.34640006834,763.611349616519,9928.24283860868,23598.0431651852,3571.63107163689,19915.0051285403,18637.3450377218,6629.97485827015,16993.7760206433,16249.5473032465,3932.87519078931,4276.95265970529,4161.35134532869,1299.79754848078,8091.46319264037,7237.44945303103,5532.33851045639,8129.62332462863,14954.7905830728,6280.64375605219,11381.9312473808,7019.77097727734,3432.45335884024,2006.03001850725,1184.0665983298,313.579531981246,10090.9537056775,11301.0943745052,4338.75881434808,18884.8414247235,12144.5387674253,7925.14779575031,21681.5769750963,8430.19091972978,4743.2399718337,7403.48263422887,3190.92208944459,5211.07447941797,0,32.1547721643192,52.1320226800852
"AT1G32640_MYC2",3796.22364816436,2266.30713075276,2015.67559889141,9874.34842442345,4861.22624678568,10608.5859670915,10267.5992464221,9934.25302680705,6033.31420023058,94555.5966413447,68749.154330023,71946.1911982594,3328.19424186826,2438.52069663912,4925.61391914268,6223.73041319857,8549.18046685206,7740.93478515366,9978.04801364815,10732.799129815,9124.34963606064,8658.3273454832,11559.8929424858,15741.2817738774,42877.3957429297,58193.3713318696,90391.8504824656,1647.29343004374,1978.50840275905,1830.50362291828,1482.52264548576,1372.56796207775,1610.97172096895,2122.83229935235,1739.38674495325,1234.09729835546,8843.35513901824,4806.8861221866,7709.43747469781,2619.4137086782,2290.22264873673,1972.71247989387,3180.93735979904,2839.58483410439,1863.35546333517,6945.06828474131,4707.08142175127,1681.22639077043,19412.3777216939,15533.6540190399,5439.76561643278,5908.10729433507,6624.38644763037,2296.33609079578,2324.74608219527,1277.11269999394,1800.23565222118,2321.01173458787,1791.01815938559,1466.07577507859,19921.0494430504,22017.5207444354,40521.749451347,1580.31000058827,6030.71667021732,3387.33677794058,1976.97415318403,1123.66182712841,2286.23644039721,3605.35139771371,5663.52533415756,10571.4977683489,44866.9410308671,45689.3279759574,34243.9753499706,2195.16804448764,3189.35740206685,1876.09149344551,1977.55980663305,1955.52031738184,2675.66057981261,3199.98409286947,2457.12976354155,3795.51189440272,22255.2302666955,12168.1664579588,32979.2675724986,4990.64604873487,3770.99308635124,2380.52923186692,3062.34278567268,2287.77955338378,2269.72646786571,4221.63085585966,2751.7821001708,2941.070984636,34688.0899959155,26079.6016146129,20891.9933641241,26297.8847711134,26592.0797538197,26759.6794596299
"AT1G35210",3380.17239621324,6991.11582224781,3628.47025012198,7720.61621029083,6345.49793402217,3441.41060238677,5248.0277326028,3063.14314968805,3322.54094676388,220.085664599735,1114.06252472597,915.763186065245,4828.31907658518,7412.19993376996,9656.41552687578,25261.2457817721,14589.2615855746,7553.84022896581,17611.488033139,21425.4019139549,13485.4498563808,15203.8429866995,10030.0316703869,5313.75426443088,4177.2054061738,3660.73867302256,2350.8612812773,12058.0469626642,4634.94793889933,3032.36669694045,9231.18461004658,3661.32405479222,3241.39908073876,4699.9700456492,3318.49676100967,1935.3668526769,2737.39881898302,2422.30461817645,1340.88535994666,10197.1206970466,10599.4022087792,2726.45570953582,12644.1070712143,13595.4109186083,3560.21491984811,6997.31864637204,6867.29563746752,2209.51053974333,2637.04855611107,3265.96731965958,1578.54125377727,4597.2942115968,6078.77164035372,4166.8836905363,2529.46626787534,4357.57946398177,3657.07229243682,3305.64517032222,2926.69448717325,2954.69199005844,858.443695411849,1500.45061104063,1229.58545046492,9104.39134864232,4842.2707640139,4166.92063511464,8105.20621179203,15642.625748559,5100.34125475195,8483.97382935658,3478.34998243077,3137.28709951969,2115.9019139451,1417.35002721266,1351.27150574419,4483.36187368566,4411.38306516574,3364.55287272344,4081.37079539964,2637.17785069477,4480.74192474381,4308.47804895228,2317.4125748105,3062.31916923629,1489.06651479563,613.184251389922,925.365189521705,5668.5989314481,6823.45275780769,2545.33643246111,3256.32053590878,7995.54617552534,3433.9232569056,2652.17923612372,4233.96724021938,3163.69962621149,1326.46246254909,2772.89456680421,1197.54020806059,735.799273951108,903.221750481814,1398.40159372878
"AT1G43910",3239.54061046331,2863.80698245821,1906.97038213514,831.328527596383,815.201899810732,921.219774304656,1225.56374724968,956.543132609249,611.869832691497,991.432128407841,907.142360021882,661.51385354105,7149.99250298825,11118.8693398304,9642.05330885271,299.262062839384,266.188523377893,310.850370097817,344.116765972143,213.834546292177,342.376201124509,956.583797642529,443.145218602377,303.363772396128,3549.96158063714,4038.3059697219,7114.7089673245,6781.87556628334,5015.34799536058,3605.098885765,6756.5532974994,7652.65289510878,5776.72084274977,8364.5093497064,5432.59106654063,6767.11954603453,20554.9488258525,20822.2745532805,28610.0405575331,2477.77690679741,1348.45436889295,3004.75320909438,935.795916102318,1094.74242082883,6540.39708204337,469.521396423157,768.282186160068,5032.5778916332,3760.92278871344,3162.84657374182,19794.5548264716,3059.35593881397,3157.78214277094,2466.64702652893,6434.26374120161,8283.839535763,4615.28015019314,5743.35337919883,6906.69322092362,4336.39978545262,19796.2258226639,14704.3230467844,16255.109113691,5448.81262512034,3837.99924117687,3045.96749929934,6807.2980406444,5384.64606224541,4489.5424769081,5228.42110419219,5553.28120347124,2866.14230423325,18344.480766069,18031.0829382619,22752.6543595473,6134.06730800002,4548.37644705206,3171.43970554083,6919.30595447475,7311.44706944598,5403.56722430711,7232.19605773486,6309.7998857463,3800.17520370565,23482.0929623901,23044.4595788683,34231.0323087616,5865.8411544345,3370.35991646762,3209.3533706291,7295.973654696,5956.742147673,4485.17021253065,6035.17262828247,5385.26055203327,3869.5731662937,19752.4763236695,20449.6190880435,19345.3264117034,1464.74006959939,869.290473082503,5221.97660140327
"AT1G51920",24784.8004530765,46525.1898403243,42274.7551703017,93406.2836770854,60906.7112168094,91996.869165204,71936.5046971627,71342.1450149327,72558.4432401048,4612.00630635961,449.745178771812,1815.99956944826,18078.6847475842,3604.35259664675,18181.5723458737,77122.4529730636,57409.7747405335,107813.173696186,72357.167675758,56423.6653475625,102120.384703574,76436.8262141697,52202.2809933883,119020.16013241,5040.03467296577,3710.14135416996,2569.92438278408,47880.7632061513,43730.4805422634,38920.6289632642,40645.4635267448,38096.936055157,35903.8241897132,36832.2026628298,58394.7791810466,45857.7943408265,15493.5067505131,18170.5543246636,9175.06962731952,110866.572506058,91159.2797084236,54293.9283394476,138334.516963653,76339.7754995421,29855.1271668772,139936.724130264,125756.811859602,38928.2042110434,9813.1644346287,17547.3114687098,5505.96863536187,53299.8083610697,11658.6099532117,48248.4209731077,22435.0368192803,14270.0840492955,36066.9544173993,39110.2768921947,12998.7130172832,25800.3628902717,5458.36339696461,2874.20187527706,1915.9250313094,54442.1808627807,20709.9812336082,67267.8836713284,32030.4549515455,70690.4116464085,43114.255265039,78700.0790178748,30446.7595196284,64061.5737578203,5442.93045442547,3369.51525937546,3198.95304640348,34325.8706663523,23408.1717057171,55654.9628765091,19982.9448113774,8179.79624195765,37464.135341988,21860.3887002361,23322.6297999887,49196.6904364689,1517.46659876015,1230.81695668454,878.120150163488,16742.2151448376,33152.6787101652,40091.8069716041,12612.6010046556,25842.6712837251,34101.3248176198,23025.634353213,39479.0098718975,38028.8413409128,3960.07868279131,2829.03396634173,2869.55627558362,110.202187554444,148.656483587956,1306.64236332778
"AT1G53620",1616.29545353745,1200.40982429921,1216.66663753704,415.702401633204,259.434833744575,887.88329713611,381.05763569948,168.46382691178,808.786440858174,0,21.1751251172241,0,14591.8214346699,13236.7492140838,14591.4850315568,526.893313222895,282.632602042164,138.011394402269,610.613208792675,211.379812980149,290.149322986872,440.41867172004,31.2554334741353,99.7032556078422,2.86130314072697,0,0,6365.48444935741,4331.63887218352,2775.49627859102,5015.03325756445,5246.01629792155,3825.54748347104,2118.86090624984,1538.5695349467,2560.07496892076,1371.85354214341,1104.76567416444,435.187850728558,1340.82755090429,1193.55717152208,1754.68130602389,4387.61455168852,1989.19362180677,3219.03001573395,434.921013566119,264.281609970076,1309.65387206047,9.53290780876365,109.668743888412,801.7817518199,5030.6925888556,1355.50000749646,1839.8731049345,1182.80141968768,1226.16731529723,1855.99117325168,2093.68630185351,958.821542302159,1862.94191106453,373.012218863922,189.929256610493,339.284264531225,1734.2610176354,844.719621045653,1454.32517411357,1980.26161374549,8161.12425541681,2516.14502272297,983.878968882861,492.321916626063,518.580203635247,291.169791228577,594.919444688525,579.625048819509,686.116412197417,936.902175168976,105.556100009153,1143.39782600311,1023.95851113005,117.808191514844,823.778308861851,772.822673023383,19.1125784213016,14.2259960514809,38.2087471462865,0,2949.34089052639,2295.85015861595,1019.90540576277,1889.63649552915,3385.27755684937,2795.530576467,1393.3856913185,1129.2024432438,1467.40348776251,430.846501732084,685.01816994719,421.823753612836,0,7.49905515081524,0
"AT1G53625",27524.1718219818,44176.0891225189,58402.846816105,46128.7724804338,33084.8954570776,56058.208595901,47988.7171615622,23346.9726870185,40733.7830104485,1238.97046057373,706.379927670202,995.350368151156,18518.341477827,4922.67611448642,12415.8208042834,113404.748061203,45414.9701232647,111477.152029451,71059.0374690327,49541.1719356233,102289.295301274,38794.2037447364,18160.4903406836,65118.8213685957,4208.1029422018,2609.36984344833,2120.95363603831,28189.3903178008,44313.3142381262,38328.0475435415,23279.8643829166,33800.3899133972,30082.3093731728,14668.4532239984,22297.4150000728,27289.0837863101,5274.27242733267,9091.17171079845,3833.60164260911,53880.8549538236,82295.1735519999,47647.1143871524,74906.6211203123,45730.5685033661,37368.3381759829,47006.6316914862,60931.4438645926,30329.2983977578,6977.73613226331,6468.53561958171,4777.30050421831,36016.8538487958,18968.461733958,87846.1671079853,9083.6782678578,11254.0955383391,38115.6106619126,38707.9846386054,10987.2898134563,24351.8297349097,1449.52223656359,2605.4996110821,2194.89635592168,46538.377584749,18188.5122539551,64267.8420625571,25266.4166995442,98137.3445057651,40774.8753602736,43805.067211886,18507.0093716386,41354.5569929756,2939.92377763571,1572.33119642258,2697.18762077746,39437.2264272942,26621.4227264413,46257.3834051538,14179.1567578784,7714.24761965596,35760.3983124346,21804.467410042,11666.0524045805,36209.362368563,2473.69498072481,1293.07618017442,1057.87336275385,27223.3411372925,43078.0267700438,71736.5397924216,13867.3561564072,33124.2298256142,67403.1057518232,13705.4896874522,25431.4542037933,32202.1956051582,2454.29803666001,4989.7931831912,4315.17160233105,91.3808300635583,50.7572234818798,368.550072789416
"AT1G59860_HSP17.6A-CI",5393.07841852342,8813.87177998371,8874.35993363513,9132.38533051726,9391.86127147183,10439.1173908708,8026.14088364274,9842.44155186075,8176.27561820951,1431.38393922602,1191.26254227184,1421.13913674915,10072.4100736541,19328.3407995182,4431.75825930671,15059.1351915153,18204.1375075543,14183.4558086908,12409.9246881124,14511.0631639178,18189.4951567922,12572.8300331498,16716.6489357989,13675.1185194046,1493.17104398837,2094.68397287512,2505.67627321448,3173.07281667919,2004.34645962737,6308.33071856587,2786.61253732527,1472.49410816068,3886.74340382828,2155.17454440169,2341.26200608616,5049.46115194413,1863.10788103719,862.936667491528,1564.42339622383,16496.4511207703,12938.9333411698,7395.47269069219,11333.1656512335,12215.8209458714,4011.74161843884,24050.6622281238,25293.0671638592,6033.13731514653,9436.2282354031,10825.3712456852,2526.82196823925,3699.72681813011,4263.39768516035,5524.52451617045,2523.43848550578,5085.47183326772,5061.25187214245,2558.27353591736,2868.65026126248,5393.04114356559,463.528552398358,1335.62144160353,1310.40693372766,11483.5531293558,9847.76219942482,8510.3767862368,6072.13754397486,6401.20031715767,6087.81504550856,6756.85347810204,6916.38566812203,6636.59644454368,2025.34098264091,1834.27986932252,2457.44645559993,5434.52422615545,3883.03681258881,6866.6488535578,4189.46141488529,2162.02481712786,4415.01878190332,5733.84262968492,4094.76295241294,6155.26192054778,1526.99273033976,797.833134422303,1825.41297253325,1680.25767995317,2277.45178170996,6265.71650095262,1133.51971849033,1932.35399927338,3234.55313152913,2213.01023701666,3558.6213803083,6405.2343584934,1194.78730252066,2183.00385274212,1023.33440710151,1427.51190807131,1185.40272761074,1897.11688784248
"AT1G65483",26.2909115374286,0.431495102261904,60.881617992387,0,11.4704307776046,0.722505200359301,188.512748952925,0,36.4336928658259,3.89215688113788,0,0,29213.2149654218,18637.5907207233,25547.3654659795,0,63.3891913481857,0,13.3841715474396,0,0.634372172570915,50.3085503503932,117.587222171272,0,59.205378998357,0,0,140.312504761433,92.1601827810407,42.5702290284098,91.3805523715011,96.4448425418882,115.09643321486,86.6772863110515,35.7704510225371,79.6350558542568,94.7307031492818,61.3135405654323,8.99580388724873,129.140314753371,27.1393304013027,124.557781683841,56.5656320899876,40.9415489648807,112.152022334195,0,0,164.159173132268,0,43.6392039331793,206.627875540436,54.1949265574315,15.5717324105525,51.7176924668762,184.896693450416,63.1074985170354,104.521856733514,271.957494935368,47.6915839195529,64.2916502272286,21.580015739656,28.341125060673,16.0723130382419,13.8971800693801,15.5615474475762,134.808500712747,72.0728388249209,685.331217084148,98.4897497794691,170.787798138072,400.563316700798,12.7829026296933,13.368669049757,52.6065232648691,32.7618514428925,43.5344384632185,18.6794431710973,28.7107114759722,54.7779199671368,71.9032703854803,42.3204522160733,43.2556196681514,48.4372651093262,43.0963904674613,5.66078465779505,0,39.5768912188281,39.6703726263662,49.2675354571787,47.7159120631589,91.4004466079821,116.227969666076,146.082873923975,26.7684403641686,34.5021523140844,52.9393044572317,9.69018431333239,0,91.2235899787567,2.21211070751514,0,0
"AT1G68200_CDM1",6044.1259131623,2617.56971303904,3027.98061014518,755.178081309841,1056.30075672627,964.508139651467,1232.10951050924,867.317742031624,853.283321702148,331.874927945194,663.859254323635,1062.6956576742,19679.9819980871,21972.18067354,19169.5933444616,522.739879044972,530.04312816328,385.631157134878,1005.69259909511,1340.01119333735,1151.06501573963,563.033599760823,485.122626714159,385.19798292082,128.149188451838,352.574874727238,587.492563350901,3832.74817128458,4383.60045128814,4885.26082043994,3930.34876755819,4918.20740002651,4569.47579564182,1883.35306815567,1845.05227662846,2220.98497908336,1217.27336761205,1281.56501919715,421.877900078203,5849.16120251689,4988.18389481921,3684.67279263616,7833.72447903046,9421.01339760089,4787.93426378172,903.764229859135,820.740137185478,2101.05340971577,1348.12809900482,2143.30220169468,1556.97810731958,5051.41283472407,2778.70025720964,2667.31848232262,2400.52012347222,2142.84404455393,1656.65535160857,1649.7355591596,1777.94941283818,1611.74571583278,787.373195665634,444.650737093367,528.444661423065,6582.39115356952,6652.52583831765,3219.94235805102,6101.31725464719,6928.36336522209,6156.5728997976,2035.72004791128,2690.5989314921,709.413197040284,1345.85905680013,2031.09447939525,1440.11794648717,3946.65795305551,3927.19437419492,2028.83510605153,4399.98701441121,6792.79886678206,3449.3430103603,1534.56475501551,2181.09283386909,1012.20697801926,848.232460362131,1234.17800790433,817.850792660485,4884.65517324544,3647.20321761023,2344.21876843147,5074.06783161872,5612.11989448299,4479.07753993251,1307.10079877813,1835.39080900991,1993.2785991234,846.597569434161,1239.59231918352,954.982280938436,638.294819098499,641.187645623092,702.43700958277
"AT1G73805_SARD1",25877.4345035181,24445.0907794,19406.1824451147,27474.4323053941,23405.8757924151,25895.1937319973,26159.4856407943,25057.3763903413,25736.8269953149,21218.9698027056,14737.0179533183,5662.15332595868,26576.9882007397,27109.8806019216,26827.6430389899,1116.92012701174,3406.20221790869,2478.46850841228,2468.65934850342,6180.7604884355,7292.31574871011,1307.38341798602,2672.67353291864,3068.4172949411,3653.33427073914,7874.6563629884,7290.92569858465,18013.8083034983,26309.9594695143,16852.3990331533,18439.9380567931,22218.2401682094,20444.5886286472,21770.186329521,21703.116990098,17656.6582045246,33883.7709338332,35703.9350844583,31236.3534740497,12441.7508175207,10329.3169147396,19611.9243097259,19432.6464988718,25599.7983202702,24737.3766743192,11255.8712330185,8918.66322952243,23910.2060144197,14401.7159751593,19204.7157441309,40730.5426401559,17901.1657581245,30173.5356730785,15822.6362249927,30040.1689390644,24773.0591316828,25506.6954245877,25538.2470259976,28584.4878538012,23874.7971108188,37760.490137254,44514.8909841018,40432.2037760828,14692.8751150157,19477.81492143,13549.9076375565,15157.7755551123,14193.1658810373,18148.0642305724,13883.6921791352,17763.0593164601,15978.9152015661,18711.221403414,31010.4966991978,33454.5697063137,24178.8455940594,26435.8299098329,20714.6068659989,30355.0101844469,31430.6287967784,31815.7304065541,26120.9387805402,28110.5480120486,28348.3278217126,43221.2256846337,52387.5605526757,35094.3454079364,23543.7940566757,20645.2652231615,16835.2114800774,30982.9591789044,23588.6044029729,23810.7179338134,27822.458471236,25137.6041061287,27852.9903773404,46105.0001797457,34721.4111825574,41193.5006786645,16236.6101835052,20691.3761832,15143.157664804
"AT1G74710_ICS1",47798.2575628595,58917.1548785405,46519.5278430157,40921.8593646427,58504.4244972058,30005.6844637102,44024.1473131368,55011.2602486337,36952.4088235386,5667.31671583385,8065.06066963145,8271.71237531399,9526.18960001793,11357.9191866207,12117.9746525177,2485.6393573714,5540.00967531739,2428.05357999831,3082.31363952144,3786.34793279026,1360.77785505925,6604.70761288686,15215.5326669268,4218.52132017948,3098.36589229999,6067.72728472581,4330.62165555608,31074.2466193089,40551.8081324584,51730.8996375617,39349.4069017736,41917.081250476,54608.3545318088,35878.6838086179,41979.0768209734,50942.5726917113,18771.2658223254,13228.8281730584,18622.1628009351,91.0398408517669,77.2030464748585,37711.6309997509,88.5383393161542,371.512156305088,42582.2700004705,358.950897755867,281.66898259708,36913.6911675654,726.53669225343,1428.39697378481,19509.215253598,32885.1057271873,49915.5970109624,27137.1743887359,30862.0354682765,42255.3277357668,47923.8961104193,34087.9645024002,47996.6196551436,45383.7924577518,9358.78109434289,8759.19949311826,12585.7750292905,43.1076328766379,16.1381403317261,82.2275701983216,15.548890184724,16.0312176233246,38.3738641008542,48.8764890399846,45.0447870391068,112.147961315156,289.916677855185,462.018769802014,188.990148845012,33242.0301749644,29714.9161359428,34952.6587583874,49842.4851442576,51446.0749251833,50669.093526568,32141.5077979211,33914.9846328442,29658.8232640223,9098.0990762156,9254.66863668235,16439.2039222205,27896.7233599363,32750.927722264,30214.1334126104,31719.3385904529,45423.8634396104,36775.6780621119,22446.3034590247,34350.2721554556,43929.3406707037,12012.4522053212,10945.0582185934,8991.68219147473,9069.48113347348,12962.4067501399,12815.0731193196
"AT1G77120_ADH1",535.241329701063,996.927648677295,638.942798697805,1683.33601491748,2621.9675960621,1643.41875320502,2319.01821937296,3004.18334372721,1392.44989920184,7594.58649833957,18934.4275705745,15385.9283783925,7054.17059259123,12126.2245907146,9602.40830169583,2339.90227504005,2205.7021992431,1449.75839716891,1697.60453261148,1985.7857280799,1440.21006590297,3569.85085518979,3272.98605364278,2747.74914741284,28363.3643303061,23258.9568045383,12710.0403801944,259.758377144808,123.835468396646,149.159429045706,275.217452511005,99.3587074883666,151.489428756584,361.075899261139,406.383609619094,216.473081219731,3316.75113841183,2237.33722247137,1467.61551393851,1103.62064758616,946.236085683959,445.190368202094,1654.46248196282,640.042093864021,325.61677098353,4601.73459723801,1418.15180183765,551.489209165424,63567.7842361801,40636.6585277788,3130.17844098311,397.115469648262,363.924259206421,397.9193985788,436.616964599684,501.21486262265,397.613312042186,327.387712351688,401.441583109669,377.821173593166,2105.04726729103,5736.44534874311,3392.99630666394,546.650992514809,440.775449494487,843.91612587563,402.997097666635,313.951252698136,407.687399477675,969.141442794705,1379.10634623059,1466.65356916359,12367.0432078624,14381.2043320726,3241.21672387961,1040.44133249164,773.749096320169,579.091026095269,375.811746261401,309.2533908797,382.896832710819,853.336109679597,1188.66424358682,834.33917219033,10736.4765985774,9042.17835520262,7027.98999219052,615.332706625452,1017.47846497299,701.047408678253,386.136617157691,410.730152640103,444.931500026932,717.644310924736,1325.90743530495,608.194098082396,2781.50973448839,5267.7299344647,3592.2828125578,3752.61083318377,4159.76368383831,3489.25886731363
"AT2G04430_NUDT5",10081.1679892046,9996.62521758497,6937.90781564739,6120.04131010052,6708.59780657234,3561.51298535053,7438.66723619223,7883.8085234761,5094.67294937117,3062.13402523061,5336.36798832142,4881.61516465412,16217.3147607944,17529.5733579123,15997.9605349632,3306.44963794346,4574.79758543776,2319.46042633282,3500.20722001104,3999.02050894501,2054.49870961949,4774.95254825494,6595.52457629502,3092.70349584316,3546.74304497303,7424.51030787749,2761.46072588991,13083.3589157653,9822.89536532846,9965.53048033201,11414.6314782972,11284.6315558734,10182.9149956663,13152.4360827959,11076.3826986825,10086.7121038542,5593.03682995077,9490.7483697173,5386.78853972689,12037.1605914694,10636.3799588232,9747.68030199216,6831.09428739593,5819.0306894857,8817.04380740531,7477.76706930046,6909.3436062084,9934.87074092396,5517.42023124038,7974.57720771452,6541.0499021753,10529.7963908466,10567.822538617,6974.82305175441,13022.3188860969,16653.2843028321,6875.28945098222,13946.1805382556,16781.6627513928,8704.40382473275,8028.54177355743,5698.00213920193,4486.07046409748,15384.8176360432,8120.93113534466,6022.78053684981,9750.07975826348,13284.7070345897,5561.7794606031,11308.2132274213,13095.0539452248,5254.02933801257,4969.03141081937,4842.564740246,4646.25292018472,10127.1393353785,10017.5115806084,5076.45877680612,8076.46383385999,9441.27767784474,3646.81488509275,10429.0752723688,10887.3830414412,4323.25923778497,4912.27188269232,5686.53782904731,3451.11594971719,5242.85658608724,6838.39658320875,7601.64794239126,9657.97638423078,6926.6491885886,6413.91673086226,9827.71342346161,10164.6426608637,7659.01427446865,6536.54131386483,5702.68259778621,5055.38295115888,4426.47486417855,4498.25730426678,3143.15821565635
"AT2G04450_NUDT6",13046.1790766421,14173.0723650208,8622.00446689286,4379.52527117666,4575.19866984528,2728.7028881064,6124.68174249497,7258.65129735723,4973.13617153586,5267.35779711838,3965.54364231581,1256.29643324229,10575.3255556331,12279.3548472229,10693.5226653106,291.568879558588,450.490445978477,112.496276943295,430.536835978483,290.973780160593,242.912442466862,927.00172038912,1025.36066174946,455.522447657873,6786.50768476283,8977.57255811868,3644.26988773379,20392.8631161072,14256.1085799996,16971.9229847139,19195.3873058909,19665.7612710531,17878.6423092458,23205.9836863697,18680.3548262945,21499.6099834371,25505.729600815,39519.1262494543,51190.7316869202,7160.8192050683,5578.32494076191,13284.5693869617,3308.96077562952,2330.50963361967,11514.5970450522,7104.32550206267,2844.65264643836,15735.0676873816,3747.39362189437,5417.47218701411,46504.7482816002,17580.7134227057,15095.4905760713,12247.9644444063,21536.4186740512,21816.4665206124,13492.0803711571,14135.3661270443,21473.8011094933,16827.262168436,48161.7531788926,31543.866158854,26780.434225638,19248.386389908,8873.79706503172,8439.86738517504,14063.6638202107,10210.0976310293,5189.12740740193,12830.2087090504,12021.8854887753,5350.86245387028,15070.3151344466,17304.8114986628,20913.8438683228,10026.497691569,11519.2463656609,4120.44509073043,11436.302905998,11132.083049544,3597.56337266858,10002.2968791743,11518.4070314437,3641.09235534481,21625.0175857945,28896.6710446514,18871.1212548724,8381.20428632644,9343.69500287899,14138.0643584756,15245.4350064484,7875.93728516027,10559.5138211711,13568.4435254683,11461.7121724314,15955.6757864545,21687.2022380925,21391.5703228859,34795.0337918321,6072.50711575501,4721.83274056384,13740.3031779184
"AT2G14610_PR1",2783.65339832246,273.014332038383,113.760178305998,562.400085821328,110.128050732433,35.6214077071881,2018.7890139245,175.182757368206,121.747659024316,27773.397009471,124.626756117557,1202.87963170916,26539.4752269635,29297.6955276907,32443.0150083219,3519.75088564499,33.6048811519032,39.8171418447723,8868.54917228893,374.562157567711,1.04254058360667,10223.9231383621,423.653193726689,8.69342421703466,12716.2787154699,300.228543791385,126.941100247286,73034.822486474,14111.3803778235,1545.0667154683,21802.9850492462,26270.1290198359,1242.68400356836,23115.6401939145,37379.5498843893,796.032453975937,88639.7386247623,195400.337055812,20621.6834369544,30.43963678219,29.7342312905501,3063.52032309621,32.9649470326589,717.698170626471,4908.58776017901,328.657855982538,538.811291658032,1436.45178548293,735.614357043096,14917.2579844849,10340.0287648492,24735.5602464021,1461.94895860567,1194.82816908446,87387.9787800278,29430.2549745057,71.3185844299337,149062.541170948,22875.6193566527,154.539293107301,540580.81540137,73769.257369083,2136.85842877292,11.745729410519,10.2296698747488,66.5483768952743,140.998969346724,170.665973617401,1.3639898448539,558.523128172974,206.841069867411,16.5060431606538,963.033769769192,1582.12042145807,2.15366065537751,1747.03914695801,2151.43149363039,27.9607630670481,1798.87509339262,638.282722281444,20.3300941607214,10269.3229794557,13862.923875588,24.9972407247024,11357.4768147626,4116.52746433987,53.563585127897,13621.9462304564,18988.760811161,651.531257339551,37276.8795745389,20186.7809489375,1284.61091036723,99669.5746519345,22958.6388694514,104.46656612829,276740.669356571,185674.370254454,19315.534103613,1221.50424731399,392.318990521598,1792.89571421148
"AT2G17740_VLG",34261.2823023306,103166.339545943,111878.647556272,155692.806027452,148522.033751589,189291.029717658,155671.4288283,177021.220968615,237711.446808896,1212.80978326546,1775.79509406982,1779.86064372412,3988.2990198475,3667.03698963191,5705.48211813626,123336.665172942,157727.536213021,183687.989051421,108779.201989274,113107.025495746,125475.349672077,163377.275942227,168073.952159942,224130.245403199,3618.47030082167,2569.44572043448,4604.04595058375,40006.0811197402,93566.775563136,56354.545473723,46970.7061445395,57970.3451815817,44782.7336693745,73414.4201630006,132922.478062151,60960.4434921793,3175.37365988848,6786.32441498032,1792.66186788679,102381.270961696,139600.061254691,97284.1837057456,101177.189339653,65499.245054275,46483.838487773,192528.782242664,213770.364819517,77234.9245905681,1956.94018343816,7222.24307578183,4968.7123877143,26040.5253142504,35556.4321194239,67166.9532123366,21772.7719291842,38151.946483029,64073.0116859063,27247.3171632574,45242.1861285417,56760.3634718732,944.361706977988,2748.29698763825,2740.99655702939,66265.8008245934,59888.5750788411,120638.915774053,34151.4012953311,45768.7460476826,60070.6587398363,85952.2551452645,113004.00359779,163137.553693145,1538.37952405801,2462.25757928896,4561.30166464799,68227.5482840229,77069.3529553938,92427.1461535017,41338.4588452754,36694.9316978169,52525.7236090356,56381.7912221943,82533.5495692581,111332.431267423,3147.24390907038,2550.64152824911,1077.60871351658,30480.5825030158,70591.6118654961,77524.7633960876,22146.9768873421,40192.9592713918,35128.1249328717,49563.2552395728,96527.5797253038,66837.4825437872,3075.39427469826,4675.66266820476,1280.13453141673,2.86017212596937,146.611962296373,58.4866248235428
"AT2G19190_FRK1",61813.9860567304,173980.21961684,139552.690507368,220497.657472345,294906.395662564,260169.887018281,290658.591190915,538677.874699494,364810.505880349,7285.71707704726,5729.33338441871,3233.4060744227,13960.7326482885,13508.5510459952,16082.3932351918,61522.1349164879,447730.907818795,224395.307829399,71640.3048298277,239142.43614681,121528.827386605,151896.061490292,675489.789588955,412525.136619464,7774.28621929899,20832.405611864,5217.48774763819,21309.5882857924,79230.7818373514,57669.2272209054,24418.9582282493,58844.474169199,52596.8116689553,87571.5538833056,153463.079977704,88967.2188866926,16482.5378197135,39898.0360903796,20859.4058639813,145062.978177222,129714.795366105,117917.498885036,40364.5893699781,65219.3935963319,60077.9024713148,314079.893119872,308029.727158398,118280.04011547,5606.1376756173,6617.30954364268,24023.8786814238,21699.3048484018,96854.8130925622,81984.100099364,64976.2238649739,66219.5816761073,80204.9668451957,69294.5872193798,139124.48516728,89133.7879931357,19781.2558511815,23893.9968687165,11963.1811649963,55163.1361577628,74768.1739884462,145769.226687845,18925.542851699,12705.0961273533,52424.4315388666,62468.1072258522,148167.029939663,270050.636331345,3348.99371341941,5239.91622849465,8541.85154473897,80726.7607982206,72242.246835461,110420.245227896,36125.7481679503,33764.3106169348,48390.2161155716,76457.1895747462,107578.05641842,174770.521185008,12613.8187391978,15349.9645237089,3131.63923491967,37182.8014247648,103449.242498853,126611.285527958,35668.361491923,42533.0319113165,41057.2510033117,93585.7937193467,166705.809729432,96404.2557330721,24826.4305248426,16454.6955688719,23243.0938862618,2024.68031606127,1737.24004735077,2956.61226933648
"AT2G24850_TAT3",78968.5522960656,34404.8413298781,56529.5543098869,65621.3345682748,23845.2873053635,83099.8842290015,136948.579135555,80731.832664568,108201.34123905,322017.090824894,31642.6539020779,28365.5885386782,11678.0037196639,15794.221738754,10086.5244916087,134908.755233649,76263.9055821731,189708.035582748,124256.510180942,29988.9585715786,85609.9037237208,183331.592586444,89911.9746909576,293945.177167696,114903.305306137,82342.7559781575,110174.558058864,42644.4156321105,30482.5408670404,46843.1341404182,53167.7191257674,30889.7698694385,34306.7522639083,64542.9306298223,60640.908292194,52022.6243839353,163096.457142038,86627.8412667379,153399.060041448,12646.8805684596,8331.85465232578,67270.089046267,2578.17649255038,2135.12950739892,51054.3563493198,15116.7150490399,14052.7654455134,83513.6715157509,4684.26402474028,12284.8289708199,99525.7556814174,70583.5461574433,40788.5058511038,136011.033397497,99141.5318136269,30958.7707069376,65913.5091855004,87752.8236725749,43149.4218245079,81437.2298901768,343747.538936046,78304.8108986965,441491.209179416,22659.7990685064,24442.4397809131,117232.059470358,50168.6567035991,12316.1686201834,50718.1138232265,111425.388844037,55763.7586737978,248449.537482913,195463.083818289,77519.883968302,175905.047509147,57002.6248453496,47975.4496650622,105911.215038951,62702.1313430311,25854.4385560431,51688.3488254513,123239.822621487,48914.9607126117,150821.665838381,239172.507457734,63544.4519530745,85292.8205951484,177284.777240959,63565.3318092315,150478.097061199,104707.647359497,38351.9825521216,87107.0897823234,174076.244672561,66053.7463299547,90655.8384288773,574659.806430558,159696.28380502,463996.833397757,7622.06514965438,17064.3968790952,19919.6141980954
"AT2G26400_ARD3",14990.4951108535,5370.64070966983,2850.63759735532,1006.64127198215,2382.55302318061,213.537957431861,2544.72419110583,1724.88232349973,375.158254992961,3272.28146534291,506.504463365474,538.206458381374,24389.9100881095,21987.514570186,15512.2311458475,3783.38992729187,2622.25896132926,1876.48040046883,5015.13503537776,1603.83567086862,852.179363140098,6979.29843480432,1953.07143008137,704.423050527368,7813.7674952791,10817.9388949795,267.628496109585,50752.2144721706,26028.8099131771,19358.3184127216,13052.5873808199,26310.6998945681,11250.4080927448,21175.6507926718,35132.1393897617,14990.7375621401,44135.1889462403,162932.766725822,61921.5374333297,57.5603945688173,100.704170146248,39572.347678345,74.3562281196551,843.151427056165,22548.9847206067,386.909790863852,475.149903046231,16956.6338407783,1570.8396856644,5683.71460638796,36124.9030586225,47093.2875435642,17256.6726107598,20159.4807079547,89397.7316783738,37849.5065484325,5073.05406792532,117203.444817628,36390.8409569552,5108.83292926739,208368.714923498,54753.4243814214,10512.1801421552,769.256293590427,168.898961167309,1850.02505687644,88.1606060909177,515.015143483337,275.78853494078,154.951139021705,458.695681096343,304.162161402325,352.514496254039,1844.67446352173,830.426211529388,45837.8524962076,20821.7246411767,5473.67915960531,12766.9671638197,11452.3807193127,3911.09699161471,29232.7234802526,22984.4607831517,3578.33347319982,22357.8391206374,24181.4630126316,3059.34411160215,31607.4651414951,36014.9871367927,10315.8409403527,51954.5338441964,24700.8898053714,17080.3968372104,85972.6710095449,24939.5150292216,5454.67295112767,85233.4576181995,60561.8260295761,50063.7826154629,199.462591950623,311.416310992244,624.251351126589
"AT2G30770_CYP71A13",41367.3221729166,23194.7180704123,14072.9696432343,27378.4906192243,39856.1573731079,13522.7086452134,26081.31519424,14186.6880240685,3951.48531478883,29461.5183149337,17014.967240384,3342.71991366502,16757.0753705066,15058.3286301025,13470.7431965811,83253.0616158632,136910.346276401,74670.7005687197,45930.4100681835,53901.4711019795,28302.4292480037,44565.4942582645,64474.3622824364,28328.4909247249,18252.8603423526,29429.3831896254,3053.4542742981,69849.8844480856,59858.7941080184,29964.0968877356,27854.7249376007,29139.3670006802,10455.6872713623,46970.4118142869,63228.0128993113,14039.4138320931,21840.6729274037,16835.4352911152,1860.38436114181,16691.7536978334,9229.0513802785,60555.8353082609,6951.68607815711,7877.12571739772,30720.8547405314,9625.33015792931,15801.0488321132,21110.8218307058,32310.548903126,92816.3959856931,6895.23325436519,65599.3291035249,56475.0593281609,53155.0057102771,107359.138719182,46458.4932959094,10989.2246782797,154786.921231109,40817.9242796542,8609.44427183363,57628.9899340761,13794.286604392,3236.50877770589,20877.5015211802,37498.7043837905,29863.6781309284,8722.19871829605,5616.55445536533,5441.93000385476,26301.8473442089,23883.4088886759,24324.6225458809,35155.8983038129,18319.3465328029,1593.98076278978,98163.4408571243,102788.949822782,45435.3733011485,24188.5852149441,24768.3243732818,20691.9661703991,64653.4422014725,60401.726671232,36411.6956189325,28489.5432593562,8411.82450559043,2528.86636419239,129950.128320686,83164.0085634635,34504.0860116903,90322.7056980446,37802.1420770214,16193.3802376349,224511.620273151,56524.321792757,7646.51156815336,112603.522861383,13965.5737323537,7711.63758980437,8372.23962373596,7101.18598398132,6480.51223098501
"AT2G45760_BAP2",39971.1337660194,15688.69865663,19801.1156394163,1568.68870536492,2188.0744861159,2146.95833348142,2458.77897512997,990.2684284701,1725.30746727972,1025.94389995225,206.606864947443,329.307509913511,16962.4329154481,14902.1184167618,6406.64663029727,16182.3290313402,3127.43929522645,8318.37905347334,33267.991136397,30695.4946515524,37264.826458617,2898.39995800068,1431.23737430775,1913.19333443845,1479.64831469721,1229.12658359005,674.734780700911,76151.9597380774,44452.3647531536,47535.289966771,53684.3161785753,41888.2927892322,44674.5617329861,17004.6444687411,11700.9950700598,26639.2631528191,5778.01496894654,7614.62505507434,2417.75612797679,6381.9904324279,5351.43195791152,38250.8513333264,28748.9608595721,26896.0691734466,40470.334549043,1582.48990306269,649.39265756956,21410.7312828024,1633.54270656258,2140.08797889732,8081.93662091244,65472.1055538341,30143.6835811865,42685.3279684693,18884.0013922143,15979.1713726305,17970.7252165907,15985.0866218569,12962.0484837967,14802.3327999688,2798.72665378587,1556.35664993207,1945.85423287898,16360.8482796233,9987.67228556453,14486.0782779774,18326.9657014354,32903.1023204207,27970.4164751292,2531.86319878691,1048.27429380657,2528.50855475617,911.702221006156,1144.80831327738,3331.80552236341,41231.7434818696,30177.1370334214,33751.7715981601,46515.094374459,35699.9837719446,43688.9981778781,21208.1071741474,12009.8612827397,14146.7683595265,5565.16601731464,2865.93732736152,2957.68634303069,63980.7511769674,46438.815512623,28816.451169258,51323.9538904449,56018.4046787097,51419.4942010512,20550.2666958331,14655.2090068721,23679.1888556169,5483.20839974425,5897.02584463802,4406.54488049925,179.6749601293,196.640868255304,273.213376530447
"AT3G10815",1795.11158364398,3956.81377573399,2085.37348316929,2211.98189361641,2679.01220439452,2084.85549592647,1687.66815819491,1619.82633238921,958.381783393146,524.164264894647,38.0553612806918,66.17002479771,18029.0180312447,11977.5409365492,12587.2423932972,2806.97557364202,2762.18424826492,2033.31823890017,2996.22952769904,3945.91341535828,3194.32789782634,1964.81148167205,1386.18062291025,1514.91919048326,162.68229651794,332.961403579356,342.515631436464,3754.85448850112,2427.54202396524,2085.79195137204,3329.51358306414,2511.62553091793,2309.30739498686,2270.85552866928,1510.85909091961,1979.86603014036,1784.30900319187,2203.9499860524,770.103801118905,2875.07695065619,2367.26967855162,2304.86499280986,3988.11272939908,3272.3450449011,2489.49224928798,1965.91351420293,1376.62130958888,1794.12842344659,1862.74648140132,358.352174309934,1061.85601355467,3214.36143872231,3934.32855153888,3205.30724106997,1516.9896937415,2924.58430201379,2748.08880685397,1025.38621422215,2713.2417078763,2404.68124838644,483.361877110029,558.549352280562,328.632835450774,4480.65813080237,2697.57941490006,3203.58665915952,5541.45296865995,5297.92727298376,3870.95714541175,3789.46587855693,1866.63674131496,2671.47117051409,1378.64802422867,863.978271634734,971.73848426856,2999.60621401373,3221.82988737813,2761.92961545101,3397.19940193421,2181.97481233701,2917.5890554913,3177.11802158454,2350.43934089957,2886.67091369782,946.738010730891,845.861526445084,292.494302558085,3753.4778391469,4620.96412366358,2917.6662930401,2001.47548215419,4365.02388178565,3440.8387032852,1776.63016051571,4074.33774722691,2506.19562596979,916.312708764789,1447.47056563595,592.289199937726,58.1286264023439,85.7633559161283,253.462398237495
"AT3G13100_MRP7",6011.89592345091,5842.30318493394,4806.49523224434,2951.90524252793,5158.42957050987,3044.36526086038,2858.29345667695,2514.47820675945,2234.98522196963,1262.92010914446,1542.13231017807,3170.39458029668,17208.6542764167,19585.1732877031,17493.256289055,439.40823350428,2470.8577369406,1374.23678380229,587.395375108651,1687.90558595047,1394.70040376213,474.424259411808,2258.86056592645,1579.16953970036,1109.10296335963,3225.1421810104,3359.51640632383,2186.57486314481,5536.65594577618,6876.86972185707,2804.13991625231,7362.56803407129,9558.09125125386,3677.8564373978,3705.15227424224,7827.84741909958,2004.60809610456,2605.3140439737,3769.78411579519,11417.6029937467,6023.09068031978,4933.1594059349,5474.33644462762,14359.5714603786,8316.95576778146,3089.26392355939,3402.20806778421,5663.94337063331,1136.77165124967,2926.19356279867,6163.01722831137,4094.1739495122,7987.85898551476,4323.26132884392,5979.14967053764,5667.93027885387,5195.71010058108,4137.52080521156,6564.18326217267,5567.9990981677,3065.7761356165,2498.06165831335,4198.66616603561,4673.32030172974,9054.94115493459,3717.44488986243,3853.65485705534,5219.12537924625,8274.25313594818,1529.31682840617,5464.28018450245,3216.61064328283,1806.41078366515,3397.02150639077,6271.17156499965,4715.86618045006,4414.25939520333,4258.87557657444,5358.68854359153,10295.8010318731,6490.45451416801,2681.8662512345,4394.6303846936,2934.03906575657,2430.21939883564,3212.96469608402,5451.40633700215,3907.65812213334,3581.48278345178,5269.74070473975,7460.10032736779,5321.75052262398,8288.09465262524,3394.36453123089,3071.69734072122,4958.96167534739,2772.4686698415,1340.57556274414,4949.12569161281,2634.40626132335,2768.37706494189,4370.11848147786
"AT3G13433",21827.186214699,12654.2949402963,10425.3297299122,6721.49759283354,9949.40077805256,13456.6775329234,6663.7478332699,4120.57529877381,5107.06680065709,2731.29865227892,562.605761369267,87.9145769718002,13303.1831161469,38192.5361939022,34663.4951328278,21059.4921397932,17551.1883262292,19393.7027234374,33200.4713918598,42805.2340896113,55248.8808952193,9420.89176987049,7327.33511162513,14356.7253516287,1302.81670404895,583.355558831755,434.846452419424,56034.9140686892,15944.2634452089,16951.9463194925,14010.1974817506,14699.3837122692,10438.9579839387,15023.2721473041,11058.2485150168,6154.71218348547,5041.56504265185,10317.3753031194,1375.02606885904,14059.3825756342,5791.62983061847,34772.2550220883,21200.2895752609,8612.00189543661,16623.1669835454,4466.11098764208,2081.41729928893,9207.76174205973,1499.82417678047,799.869098506891,1496.0256154286,29858.599845856,9216.60967603403,19473.8831174549,26991.7374839755,6172.1598265225,7395.73392335078,26916.0004090726,9612.796898915,3300.9877417973,5125.06302660447,2065.505551548,458.721335291256,11881.0255482665,3422.75746752601,10340.0315435848,8246.58258134079,24736.1992851999,16910.6526855938,6717.90388104645,1836.92818515373,8126.37143783635,1653.99443634941,922.908110350952,490.691488525006,22350.5204282366,8473.85890610349,18521.5142689627,12584.9950713163,5314.49034741945,18502.5167233802,11052.8387979613,6077.54014735754,11129.6822551121,1269.7919284833,457.824097095599,36.5753141933528,23867.7105299585,28282.7032866945,14542.4122967102,22410.3252891136,30211.3882338497,21094.715440019,35657.2492324656,16494.0888537101,6661.94976893099,5359.61109649879,2236.3856648213,812.138568561401,0,7.81348094330226,334.431843608094
"AT3G13610_F6'H1",15522.1721838095,11352.5398192813,8511.47336723164,1779.4562170688,4930.03413819002,919.352696828542,3278.2802502006,2079.84782352382,622.354024333698,540.896127348118,201.259403713255,291.622066867515,5043.20949445823,6158.48006255985,6253.43560170223,2111.48777866014,2250.2651014458,1023.43160786178,1544.79107087323,1972.5352645206,932.834574488899,1785.78899221016,1372.89560693072,620.267958739747,337.221886217653,205.115603377268,53.6718977401598,29508.503801033,28307.7707631511,18305.606746712,20983.1281922682,30020.793562345,14866.8208160003,21812.8399552917,19492.2437346863,17615.8820555389,6100.03392448374,6554.37758364979,1018.68017163996,3377.9717773875,3300.12747842267,15051.4094807683,1982.66504795591,2536.64878456818,14830.5666853172,606.278279852242,335.811482847725,7155.13919069457,108.726857421094,795.975438083005,1364.75057172617,28915.0019379121,22729.6499477509,14417.6001644175,36547.7594576667,25166.8347220698,9265.05321334683,38211.2308363272,20272.3119803633,8433.47795815799,9294.28428277598,1969.2943088056,185.666510777026,10005.8694179576,15219.3016203321,8620.15943222116,4323.22994938584,9661.81931642676,4354.14393867687,3017.6570493478,4699.72128900409,2042.12457108354,498.330774004429,964.107825778883,218.541142442758,17017.1339899446,20665.0979651511,4890.92175870917,8152.40494302825,16914.3109823981,2577.59580485586,12025.4707032195,13468.6006400562,1304.25257083623,731.779762814593,392.868555715025,64.7062582113279,17287.4435808204,29351.7661221317,15563.5076014557,27376.5467515875,26742.1796752792,13193.3637925928,35390.4582416851,23513.4110721808,6335.34212617658,9690.71925878073,6084.60958478336,4438.15156768146,44.1914494400469,134.774395909367,191.824454107094
"AT3G26830_PAD3",15552.5309033601,29897.5359785365,19026.5796636633,22419.7927302801,36563.5873843058,22060.7687080809,18944.0964674123,16686.2793753428,9061.4462732964,4966.38332445734,664.486989386749,238.539551851813,11215.4395444698,7052.47557562315,4950.14884688308,48006.499755561,88921.1916845692,54470.9975987415,38592.6613062509,31217.1656138953,24605.0726629339,41409.4961687246,57458.2656315441,26938.1919727271,8083.45969043599,2782.60601562747,784.753058866611,39446.1165155752,29678.0677685267,26132.8042357276,23612.7171817094,17459.4786253348,11963.4561609651,35193.7864143379,36452.7016039113,14726.309290105,19136.7625950395,4339.68309010741,1563.45139867569,30153.5365176293,44291.9395385507,25284.0353198631,16927.4065443106,18800.2832082265,12098.4981639588,33259.4588636568,54365.7320189698,12178.1645229549,1166.94612818757,1581.21368108054,2513.10795296385,28085.8958294842,27001.2532083518,30663.9855147128,25018.6518358886,27662.8334764568,14458.9381283634,32618.4980436616,15086.4307025295,10439.5651663095,10152.5694699819,2570.62172390955,1069.94521551331,15966.2635195986,37573.6705527497,23125.2087796286,10596.9734676568,7968.06254088871,6989.70052775229,20518.0332794209,26951.7689293446,18841.5398664238,16186.9506432493,8663.56423430206,1096.77435241546,28917.8846454934,48476.6273193082,34082.4087142779,12919.8183677655,17200.1177186384,13841.3479527687,29275.75339777,33446.6847659842,20096.5681764063,7386.7014423775,1795.81654942881,337.41663571547,42437.9024238865,38293.5393077169,22898.562062578,21474.0589751739,18190.1215836162,8840.2675409788,52094.7432696253,29248.8777763969,7272.32153846567,23601.2991109152,4560.68965723629,2849.10471007805,952.408032908967,426.128050284978,1499.1292614126
"AT3G27850_RPL12-C",348.180139759458,4990.8681282533,5610.08025615054,5310.51046384365,7230.93127422231,19496.1595956373,5292.56099650518,20679.4705236246,23827.6420740011,207786.020029533,574438.031875552,1283611.74162592,17094.3188107158,14458.6029876915,24863.8904937727,2971.9183898591,2743.69452513368,13955.8096217653,2496.13505066236,797.842876038106,8291.85546777783,7458.17482690858,4756.2131882383,22265.5981046692,375708.650800509,248863.561553078,454017.974371072,635.147574598437,1179.86755852762,2000.12706211509,1390.73547786357,965.116909814647,1440.69291809324,1553.34794865157,2628.92322347003,2303.20957075022,56192.9065788735,74949.0942186189,75518.7468266951,8746.90210468796,15392.4770347058,4639.84788046906,6344.94230794546,3448.02706830974,1343.55496847369,45698.7552706866,19090.7085617066,3341.91729191087,417700.142136311,2983156.53025553,50242.5691863559,426.171471059801,604.872728160916,4170.37703445085,159.547897366969,1760.75864320061,3839.09679464002,238.639792667641,747.309819380605,3712.6730340585,22320.3280798444,153836.620118288,131685.238332169,1255.98016787426,2392.33982453696,7140.378498256,813.161444875199,1218.61811881993,2637.58743317035,2440.82286805652,3985.24415022253,10889.3582193786,164412.807824502,415048.802813247,137014.561778827,746.671062173802,1643.14255552934,3343.86759913553,656.349221173695,1344.38634083223,2436.35848422085,917.481817610904,3499.64679549635,5230.15283774954,67022.5937734368,146416.377569536,294469.066781097,404.07323522737,628.244597281994,4545.32612217474,115.285923526852,642.566070861467,1224.95998121701,525.034206455368,1594.8774651058,2927.73257731506,15662.1320309647,138626.396366165,54907.3919286042,673794.040956398,563045.678629423,524389.536873301
"AT3G45140_LOX2",6341.00948397709,8075.72313490513,11326.8248412429,35931.8364333819,21133.872692557,81062.5555366807,38686.903171413,37301.9072679687,40983.5816498139,992195.463896648,1109840.19262611,1427340.73758538,18162.524885539,16812.7554396565,16699.9416664996,30321.6820052394,22802.4331578599,98617.079977063,39976.212863946,12488.9788438476,56138.5392064197,71323.4521133198,40126.5366235054,194006.758546359,746835.456787245,846328.596376726,1599934.01296938,957.452096713076,1013.07471777112,618.696831823406,2648.74016745828,886.979650644386,599.746627262543,4647.97561053651,6601.34558700463,1639.47730271853,82309.5544309558,80033.6821323092,88178.1259327171,1342.27072511743,1997.79144499032,6134.21297877827,896.405780572992,479.84575255238,5071.67687518116,7170.47204704561,2717.8413082777,14710.3888079246,104050.172848,129109.844218903,119160.118137693,2180.25982713242,2762.13002960458,25859.1247090632,5864.06859960688,3784.06635975418,15484.5849269666,7297.15451372582,4771.76607421471,16821.0631655391,200478.729286495,387605.671842836,891287.035102717,2476.38383684755,3685.66470052355,33398.3605829035,10935.8369889336,1183.08906776543,12336.7041067539,38459.3335317851,13778.3535498592,126360.460159401,599894.88450883,358444.341778597,724840.836720588,6161.83982360166,3875.86385250161,24688.5808429399,8426.47972232238,2901.05249147676,14325.0081685558,28905.5910692775,6583.11467463982,76923.1177386307,429900.442593081,133101.609689656,799564.386460079,17658.7265220785,6334.32387429547,40601.4009826447,7245.14399579707,2406.46837345418,12695.4495143723,23059.4673500966,13927.4464502963,14688.9988076019,330882.229830754,99491.2074145831,590990.618103635,241307.940565105,403590.226566429,259715.344440076
"AT3G52430_PAD4",56081.7491050017,37349.9776126901,42794.5853981401,34664.6193598269,27649.7517554153,23114.5235815648,39332.7797851286,34307.8127345563,37558.8168748783,19288.1410051464,16804.4550209463,17927.2170521861,12179.5463056796,10344.5989064592,17215.3544467269,19282.5433289033,16746.90886994,19465.3005409917,29879.7070983941,34328.0721856566,26331.6121680072,33011.892453073,41973.2806990588,23847.727935427,23023.6177021176,32090.3373605729,34736.4924757787,26021.3809240142,39192.5570644375,41378.6798798418,33051.9052418804,40953.2623521484,47862.6601777876,42815.1723188524,35059.4773601996,46010.3266496546,29211.0134511077,32157.3876156763,40775.4698055709,23169.7188259187,16451.1766712978,33236.3254622771,20017.9070245956,30482.6502934725,41988.0825022561,12251.7553840415,9678.95453170823,45428.3444073429,9644.41737132195,14286.7674716354,43261.007263647,28767.1298516355,41261.5326273307,32585.2155533882,45798.0702785015,43034.2588615175,43778.3286096116,34978.9249405919,53925.6002735044,52128.8979133291,39735.2969975434,30132.5106069509,34998.0164614691,39842.4719944426,37955.0770177738,33494.3082714511,36906.5876632597,29075.4547636947,41865.8626764396,35388.8354017543,43553.0989752073,30405.8700217117,20020.812395508,24588.1294026137,46717.0961645854,35828.3068766008,32678.3229511081,34268.3673519797,44817.8483097902,44211.1217065994,39255.3808258265,41799.0236892951,44457.8024107622,37844.4323479779,33596.6471376072,37085.730591005,40728.4573998215,34988.3512510128,24761.8772440606,36063.876362823,41866.8209422731,31573.6499919554,41910.1121350789,33732.3307332448,36405.9059240708,48053.4452942417,28442.4054014315,33027.6703693104,34018.9427692596,33125.0537718625,38223.8733702821,34602.758965931
"AT3G57950",867.599189034169,423.450800712593,498.890018017876,182.254846164169,468.161419508036,267.747723865019,571.850526754833,198.594704739003,466.724947583759,124.6488190908,28.9121900639022,399.383363957607,9961.72424866886,6951.25143639016,9563.0348052972,91.0648131422238,18.7104100186421,59.1180030320429,200.187457358963,186.203061061918,13.0603985199078,180.844890963907,170.702752051047,296.468056632208,5.20903905106705,10.1926960279395,0,2945.51194319907,3611.75692364309,3429.80409031394,3619.64410652107,5540.01210340255,6417.32578139256,3935.06087566158,3657.01710666011,5606.75196969166,1357.08889113919,3183.5813268356,1643.69277386813,6018.92093524272,2141.84490230281,4695.17770930574,2080.43833485379,1217.52368231276,7125.40723917736,994.122875168368,1054.23648260688,4829.76389782393,26.0321713239315,199.653354258392,4944.41340877432,3363.98415047987,1419.53677232488,1152.29250509805,2144.37155076358,3131.83803779579,2662.16543917364,2552.32537306677,3988.77081900456,5045.39396014961,2319.36519533608,594.289861429467,1919.19313370822,2760.77226830352,3627.41096053134,1891.32295331708,5765.17515654545,10271.9061501717,5660.3413498191,3995.06825476789,3622.66700676206,1741.95644304842,2678.4246784107,2575.27237680839,7167.66666030366,6527.96784712745,3154.90435368447,1251.51300074143,6954.53850395959,9177.34925352341,3307.17758856277,3641.0217323089,5081.45243239175,2482.02150883125,3742.34888436329,1825.93724343311,1496.47295132309,1587.4704561048,1597.14470360356,1234.93092367085,5251.65072307392,4122.12901853117,3568.67658735887,2070.05050427698,2915.951602255,5406.78069037175,2903.84298015226,5778.15753778532,1329.97533910372,40.4824362444895,798.649373561823,115.650022841123
"AT4G01250_WRKY22",12344.4483435463,25230.4888913341,25960.4399400735,115281.105317131,90254.9945602497,119055.887311788,93040.3271276791,103667.445780362,97941.1307124476,5183.78349944878,5542.57258969604,5241.25669451619,10397.1250915276,12392.4480040196,14387.0414099119,35923.9340029928,79850.7810689671,69014.4043858586,52023.1520638154,85224.5292214907,75127.9951665854,72459.9805660632,127307.82848974,116727.463908467,4449.58182564834,7476.63637428981,6151.56729195867,5394.86267077986,23726.9922238874,7142.47630025207,7601.00912097112,11175.6676841119,8831.47034283536,14749.1848683127,28889.2851458253,14321.5412502048,1270.84350938907,2448.20752436328,1522.88767727052,19252.1424188113,23439.7790262185,19055.0206044434,28325.3626982268,23491.4891760309,15633.4948828748,68188.0022365601,55296.3368232667,30372.0340228186,11041.2880503483,19767.9100693345,2483.81591131969,14554.8013783039,13294.0152567073,18000.6641514928,11690.2361223674,18163.3146592427,23809.1679954648,10616.6530803491,20421.8437312359,22289.2234836076,1557.16674665453,2476.18207697132,3386.37457889295,10824.5428495382,20641.3555742993,33171.5668991433,10913.0600343567,9146.27911235651,23077.3326282359,35267.4807192486,56677.1404774446,84949.4400246602,3363.47521908597,3617.267590288,3124.3968257964,12382.8712609831,20451.6620972818,15348.9074741538,11450.1772108589,11993.778284725,13812.1122051879,22526.9947434119,29531.6493248643,35411.1907380994,2891.54026748971,2298.66594328288,2238.93983145534,16783.341307508,21393.1524949808,25990.5814950137,8185.47047806307,12771.9784707156,14291.5638909581,21203.6706218011,45724.9384556612,26485.2327677281,2031.69924793169,2395.63127449696,2153.03055373099,5796.49256674198,6948.03499239629,5373.50904574766
"AT4G05320_UBQ10",12528.5745344172,39935.2852556949,37633.1744083741,53270.220103999,62330.3180231246,53268.7093857364,48012.849229122,60716.9524276789,46188.58673944,101966.929768951,133742.357528082,161196.839171989,10065.3466724804,10764.5279373066,12205.2758384579,63257.0421216212,69056.3183164619,57827.4707067377,50626.6201646037,55223.6320308605,47432.0580573122,79608.1377487067,70140.1204636488,70026.8123060021,119903.107426875,104019.250588861,89353.4784534467,27126.6712589842,19987.9514706796,21349.933639646,28840.390139055,21597.2472201738,17190.216369499,29038.8958727087,30247.5896061029,22618.6557183142,66795.5510398813,50278.9307659573,32775.5601190454,23967.5100103795,44283.0604550167,31089.778051177,21100.3401497403,21754.9112379588,21165.7084842855,53911.4948836202,57667.6892411687,31427.4915520623,113267.742117122,117649.029216831,26665.7681385959,15137.8602201089,22786.6622001649,33741.2227218972,15199.6339204025,26755.1882403098,26050.690813219,19201.5195572414,25479.6326085446,23328.4793083079,34788.3642616499,60875.0737919923,44467.5727973864,22738.7400575211,22277.7723705708,33987.8169137774,17237.0723103955,6858.86614373502,19568.3930538074,30624.3331262699,32541.5823331749,40687.1543669184,79595.2956370761,67238.3698220269,34057.9231517775,28316.4998209476,28051.1948202275,31800.449691851,16889.2539798824,15703.5662246226,20362.0292314928,34369.6435601025,30976.5468359727,37976.5622722535,61671.1061716976,55329.0569462434,49265.6914229375,24821.8911818599,24777.9023883887,38035.1177537172,14226.721355968,18227.0821660845,20694.1280822064,26497.2838917726,27151.2807735969,17515.9545055189,39259.6909664172,45377.9542240375,41688.2298592356,134105.905370112,141529.580214595,108398.688722766
"AT4G11370_RHA1A",11823.816452959,16268.6525783909,8977.55596959518,7730.67288010126,9081.14267144214,7069.92517175261,5796.93371332335,5642.34327154206,5059.02350266631,8781.71035142928,14369.0746113661,26137.484612889,21296.1545386164,22002.2219377915,14646.3310061494,35273.3614696851,38771.643411926,28958.0634913366,36716.9693499015,38708.508657849,23387.6506776514,22540.4721613881,17451.184151126,13739.8777222078,17810.7492457305,10857.2369361509,13307.6290029223,36763.5911468725,23052.1211431451,19679.1437610027,26262.8613480935,18983.2727060941,10143.3217229506,13724.1017436508,18016.6443242343,10402.5716165866,8050.39750690798,6699.71430367407,3718.98897197894,17486.6866512591,24740.0203154421,15320.3700605715,23818.6121130774,14582.9624781921,9296.51169831953,15390.6123291078,17733.76262634,6865.57838760616,34281.3392406025,93263.0381056101,3103.80187209806,30107.2609136965,12972.0597742298,19941.7324152946,11160.2849692749,10786.6928652573,8482.69825412648,13341.1371359461,7564.00681164368,6256.39362724167,3196.33943889708,5146.70326201158,4231.65518009825,10168.3202331156,13981.648793326,10409.5097083753,11757.7542698692,22810.6651897024,6408.80098099319,12611.320502463,9363.50944297399,5095.89094319529,11691.7401414318,10625.3150538805,4584.36725088297,15367.005964238,22250.805994497,19027.9267176299,10486.4498163492,9608.02140825938,10928.0671641488,11150.4952909642,14053.5497711493,10912.6180889126,5379.59133294588,5613.0284013418,7373.33711205577,21429.5363559372,32806.4183962501,13238.234168027,12643.3365703049,23056.018898836,10412.8698051745,18449.7129909729,16504.1330871033,5607.28883120745,3421.07728376984,10815.2647826143,3270.59813111028,13446.4995367347,10444.0487504775,10963.0792155007
"AT4G12720_NUDT7",48528.2528046247,37892.7126087368,42956.7309391613,74708.8669584987,54526.6524117136,68128.4670799026,73507.2284220287,51303.9147948257,69590.2107005021,24147.2188012248,17180.6707131116,23874.5535951684,15832.218210839,20136.351118076,23816.3301092674,169481.835405239,103783.00605097,94405.2532445374,229333.277169616,182063.144102579,180170.955143165,184194.810644484,146011.607916412,111614.801520795,68531.1663164538,53692.1716749667,125388.277353732,41452.1552723677,29893.8697734271,31125.6198472045,45852.5507751307,33771.2802447362,32304.9335334163,40253.4403893851,32725.5202375685,32666.7679266712,32250.0334224366,26652.1405411741,30734.9799037612,58355.0478368044,45355.392193868,32493.1932453063,93827.313221642,57071.4774123215,32676.1849756154,82242.6204925073,56986.3568365635,38857.9809018618,99735.5196860996,78529.3367720117,41586.393494906,34641.7367912145,25981.398840335,31917.9284914344,34917.8496755585,34651.3859026987,48752.9676434379,36692.2474624174,33154.7876603753,46214.6641345158,21430.7507262144,20703.0455756576,36140.2800735788,59610.7211128475,28577.1371938562,46867.823548328,81436.4400825483,61873.8964154378,55892.0371784041,76110.5036446697,48898.6007110102,55128.1200231214,36321.1509577602,29623.0988629429,50881.1132155025,34158.3775021457,25008.4495616277,38638.3864431502,57225.79238368,34933.1828528413,50283.7828400004,48314.12670245,33233.4228990385,47576.4712395044,39883.5302084209,30508.7352252068,54515.1040957639,31492.3697523432,29266.9990568386,35099.3378983419,33697.8609891918,33433.1694078978,29552.2957569203,33122.6492790024,39752.2099842632,42017.3827375296,27120.1167428477,33158.6124496807,29636.257388659,18467.928517165,18224.46738811,29143.6216382685
"AT4G18960_AG",5.45620185974491,51.295764260079,48.9308720777265,93.5386765007238,95.381332842356,290.060034187104,40.0729463451108,91.7619730695274,176.397232344618,534.538171241776,682.284958133613,2627.96220889839,21849.5454271912,27065.3651986344,21536.4568726849,18.6615577670764,31.4528444278897,75.066940888209,15.8363302981736,1.78865009394453,39.5886628370276,19.0725355226153,93.4163739392652,101.999377381077,411.558990543358,869.441992215762,770.579824583454,19.9605392375731,45.3589004037365,9.93571072593399,16.3809937741775,25.7593923052485,14.2840927055903,37.7376896552248,51.1919761503085,10.7878997443987,126.717940028351,184.809080254556,193.967075525847,23.6288602826797,40.0885513353124,15.7251606475061,19.9227983896182,5.99765360745203,7.59099168366666,109.861000416401,93.7927852248191,21.6981232634695,808.536158607823,3346.65246897903,104.984356957083,1.85406039963637,1.96567270606952,23.3857554205921,5.08973795683697,14.8944190566472,31.0498600103889,3.08542634564951,12.2459772450447,8.24518625419457,72.8646392314889,55.0110677821186,322.446397485744,15.57418144334,23.2525219531587,53.0506618476745,3.22269789252514,98.6926154274365,10.0915410993882,23.9095066373092,120.72637912036,99.3150380180084,416.163719700753,497.068709533132,404.300152307182,3.63368842826516,7.52512519727028,36.2176492049863,11.6120482824734,1.31666644252089,22.6048900590709,14.6287481667395,16.0891419729827,45.6787485914688,56.1827565735928,283.1423445394,555.048410280283,6.19272832163797,8.04219335697407,23.4241068154093,5.28277935843329,6.98356364074664,13.9491191598873,13.8337969996531,19.4826657469854,24.7360499339247,62.0777924347219,190.67182681966,140.318058969787,1740.1963511255,1767.12648747875,1254.17457360308
"AT4G21840_MSRB8",6353.98917894912,4167.07793309683,6579.30499692487,1536.18202361642,1812.99835506255,1310.85228231398,2437.99308871136,1701.1295113617,1314.85645466152,2331.36063353406,137.569113506672,34.260827790481,11664.7396073567,15297.2964616508,15641.4997387296,5404.08658526242,3023.45092481388,8097.62688406092,6556.14500092408,2250.95769061174,6304.9856340605,7415.52702408373,2233.63993206664,6366.7968436554,1322.1511422804,1532.25200533735,252.222839707025,28309.3821176412,9312.01557951233,13034.6153436723,33324.6604312615,19118.602104293,12672.5982712373,17411.6117038458,18706.323565647,13744.8589239756,7657.12085228137,6099.58106830195,1837.05578506261,7375.89205329226,7455.74513029987,16055.0956847737,3686.77382127215,2771.25896970863,14024.4785175965,2303.62058055131,3203.53180405264,13514.7615903375,824.479700607458,623.427385600959,1757.82886837027,18327.5957370681,6841.39656772119,19263.7367364977,19906.3257593285,17168.2151854609,11149.5402473568,26804.3084588769,15234.544037405,12384.1310853562,5243.27400026677,1952.09918386658,1964.7903712212,6963.28977366448,6523.2532113063,13919.3855848448,17272.8997891546,10572.5038869666,9969.68111164807,17862.9500152482,7899.04826833527,9752.24694441088,7351.75131047304,3559.05049271533,1480.32498576978,7205.58040365225,10657.4635907979,12587.4546716228,9705.64863199654,5535.68622834645,7709.82280026442,11224.0925536072,6899.60689484713,6675.82446645292,2684.10297723173,543.00748089024,342.086762161359,23845.291177995,17536.9437011081,16385.3898138392,19995.3755619437,22099.5658773995,18973.6821515407,20653.8179836631,17901.5931350466,12398.6270525964,9464.43748743608,10161.6998199421,6051.88425594538,544.007542449693,57.8542302198925,1409.19373807105
"AT4G28410_RSA1",0,0,0,0,0,0,0,0,0,0,0,0,17256.8628021194,19175.5200215685,16854.0867234945,0,0,0,0,0,0,0,0,0,0,0,41.7792433870533,0,0,2.16814652388372,0,0,0.430884915928499,0,0,0,0,0,0,0,0,0,0,0,0,16.4680184895339,0,0,0,0,0,0,0,1.34746951583866,0,0,7.39482026022672,0,0,0,0,0,0,0,0,0,0,18.0145981006588,0,0,1.97322220010648,0,0,0,0,0,0,0,0,0,0,1.9801670666946,0,0,0,0,0,0,0,0,0,0,0,0,0.301385531209813,0,0,0,0,0,0,0
"AT4G39030_EDS5",37231.4537618383,24265.3602867948,35362.4065510717,17196.2313632,22785.1389448929,25519.0510022344,19313.8946582307,14534.2310652325,19835.0888031665,6615.63622806873,4198.67082114619,5405.14534138579,19809.3562367606,13796.2217940452,18425.4612896517,11065.0351318502,15395.6068892348,15228.322169626,13110.2827383865,15050.0115611794,15779.1418158487,11811.0593972779,16267.425330787,17160.0082136338,8268.61601167896,7130.91670896326,13241.6193345641,18158.5040055109,23675.3082826524,36132.6236332943,28517.4084962187,29403.5013472447,38612.8711032339,22541.5096772803,23571.4723373875,38623.8045511943,12496.5342953987,10243.9675771476,13020.7542226658,33896.2019326877,22580.0203588453,31679.12633624,21921.7601908827,21620.4556761903,40408.6241809335,15722.6268916591,16686.1377150415,42263.7860442044,5563.45108095341,5882.53525396733,26816.2884530097,26959.1429748126,35455.0003694967,33653.4452493516,24911.2330638461,29144.447273315,45398.1524808196,25709.3533585363,32121.7699197728,48325.310650168,9845.86361575939,8037.02557748659,23486.6146907747,36683.6163769247,37543.1184497687,39515.7415913438,55902.2846183502,20604.5458502389,54719.0147395228,38294.3455285368,29351.7674354627,41761.1411103788,17824.5545306195,13983.2042188821,35889.5986971187,31700.2815078214,32150.0989390092,42154.3277371943,47884.3043933677,41007.69497273,49441.4405159565,40440.5765102742,36575.3303371026,47282.0677195786,20242.2189608966,15181.6571908469,23956.5532436716,31317.5488380402,35785.3945284352,36363.1467144839,29358.9344484688,38185.7483491416,39014.2700140142,24584.5282013641,33572.3654191331,48450.061760493,17122.0313047107,18918.8971491077,21506.727943827,3408.23030219496,4470.76048051959,6280.67796007081
"AT5G03840_TFL1",0,17.0142347788647,57.3268220379131,156.067375094164,75.9176858660378,348.798016081648,110.275517360061,21.0803641743522,198.019607667256,66.3659241575591,848.567844554699,2612.00809277735,21657.4004996658,22884.5636025323,20295.6102722206,13.4343909490533,0,117.050619484518,60.8942031755537,0,132.505840728712,34.7605988061248,8.43450613221508,272.0032986678,194.138929821339,147.202707311351,423.931285296823,0,3.76844413758342,41.266099694828,24.641756952026,15.2666689130123,50.5303005640601,46.7242753222894,17.1053783413211,31.6350300783043,90.8590302134025,19.7258322277609,230.083803177618,34.5432738227924,0,37.1015735671904,25.6519041755844,0,8.90409647574406,0,0,50.1263768345077,48.5104626036403,232.531423688315,87.1283363974465,28.1860745566405,31.7772572846961,69.1333491604434,24.5408468106551,23.0405987625439,24.2517620408124,3.32528694514065,0,46.5710947814285,129.012135218742,30.2031273044203,606.340351587586,12.482899762222,79.6028918581134,154.044240465235,5.47033719060539,51.3205138094336,59.5562346365104,18.714583482875,95.639823965997,197.529657060632,70.0476813812315,151.369435500101,234.624055015871,1.07894502818795,0,40.7959938947545,3.7773230396933,0,23.2443056103811,9.00341779635525,1.20045527663998,35.1212654095648,146.795609426558,32.405712170144,302.682570274171,21.6165945259967,23.5019676088311,48.9574491876328,5.66722471304348,6.28997421431071,29.3988868277181,0,13.6814630495409,32.9276267459176,15.8874247930588,159.769382896813,312.390461842043,1039.63352107142,928.577542412041,516.093680158438
"AT5G09810_ACT7",10380.0671828997,37747.4482494708,19633.7088925701,47738.1754363814,72396.4526910943,53128.5232329839,42901.7456638093,78598.2057292254,47949.6399410959,156750.988826525,386098.001959421,337547.145422058,14130.575291971,14671.0606169785,19584.3458350474,36496.2491366175,58627.7322740332,52352.6997665276,30551.3427518445,33582.0992013618,38923.6460223763,56761.5687667189,59403.984554838,72490.7289282973,334148.626109284,292208.994386119,289960.192100278,9600.79738557886,9154.98567747245,8053.80495630817,8530.35353865068,9546.26212725142,5798.54230857042,12030.4178858832,17971.3254553102,8762.06012390194,89652.3375353112,64283.3223231164,62522.8939401627,28863.8059871808,47042.5533038535,18212.9139415467,22324.9513614908,18439.8265086098,10051.3673007353,88100.0144328091,84554.1370376747,16005.0901126188,514943.518186189,846716.396033262,47566.8872904495,8769.08106212314,15800.3960628945,16464.7725037385,6021.39791013469,20296.8874824114,13587.1512606051,6283.25694759801,13544.4789970372,11383.7724916105,35233.9592029841,116074.632519981,103507.11107025,19596.3568475948,20374.9998183618,27272.3292318797,9140.82446616252,10051.7440422386,13419.8183078848,21557.7370252197,34918.0183919458,48638.0376059639,194666.743499685,224333.0390606,90896.0091826,18041.9759304047,24046.00126211,23134.7831103973,11775.1321096431,12268.3202813201,13363.2825445962,22060.1453935987,24990.9511337203,30349.5313973552,108650.71433454,135520.656121483,146195.220318442,11702.5858387406,21498.5512707527,20164.7697985357,5799.70396810821,11699.2701809465,8643.80688107128,12365.6701197793,24770.4706458527,11045.2539902982,47998.0530200289,185773.694846448,81612.0145910331,159559.540940472,151332.532225666,123953.666440058
"AT5G13320_PBS3",76934.9161654446,71168.1877355738,62795.1262145786,19056.179770701,31838.4972759673,24607.0780341917,24240.767173,21466.2026863294,27064.8750360318,3759.20708754895,2252.17961177622,1944.03404234701,14652.2001424344,10929.6751833834,25060.4429877947,9879.00248104648,7635.95498201519,11061.5362496361,14052.6149371384,10326.4684958643,13584.3803319364,14228.3275730058,13260.9908493727,12235.1723672062,2347.49565599204,3371.8083057801,2637.95218091522,32814.2623876443,64273.335751348,62677.1525271229,46731.0982895359,62950.8738186033,66250.1633094046,47227.4879389357,38832.3553303034,62840.4521061091,14116.3133146116,12675.048744536,9286.07570980774,98400.7618365864,66898.1867977837,57864.9949405498,45533.314254236,61665.4089531847,65880.7658888076,36383.3011543506,40284.1275146116,62264.265833401,4184.07990006463,7017.06571567439,18400.7114951653,42434.6244709858,82878.9308125314,51578.7240936288,40125.167902505,48138.6740842515,60776.6818590916,38363.1194163916,66876.6342287236,65569.7634046148,9984.87266258542,6301.09545711242,8744.40055380932,85509.6286032248,85494.7981103517,72802.9035683906,67486.4528776873,45237.860091659,79852.8792699833,50220.0250233332,51797.8218754811,62135.690839933,8727.04318869985,8624.08499707262,19328.0768025362,61269.4158895858,63324.8830334824,71466.8163969986,72772.4933311566,68205.3551513892,71939.6051317289,68865.2131154795,50927.8577546782,64552.52377409,11714.9999756972,8001.74982850616,11648.1894637532,67437.9327383943,63599.0637092739,58167.2450913777,49106.9750739175,74473.8378268632,69885.8052416837,36874.733972112,63394.4769500028,61342.8703378876,13478.7799555449,10912.727533969,12183.0091684919,1662.28003648383,2487.49291054038,3891.08074561335
"AT5G26690_HIPP02",2948.41837938644,3690.60986056866,1428.25472899892,1973.61330320457,1239.87390264563,716.345284888196,3659.15598119011,8566.15569388361,2009.44336324399,16619.8960887472,9106.81825845278,2572.31707868572,37382.1404795409,31628.1940355752,13457.2603187945,3014.67951579192,2448.65257713043,1908.21257789414,2713.50213672248,1899.70313714846,947.529668564582,5318.44146652219,6615.03161166888,4514.64307374072,20521.022767037,32308.3507742313,12879.9413261215,7425.7698139221,4006.47164698112,3626.82563219463,4956.36779786601,5411.66725966067,3356.07443423325,6489.98941146445,6953.88548167904,5958.09320926148,25638.2483253288,77573.0617452124,61550.5305973496,2566.31765946754,1625.93111825044,4670.19350944766,892.364514622223,483.243935763313,3692.23524163065,1850.8180807264,1443.71241832122,6002.35898663818,8352.30140147831,14398.9690348852,36876.7613679192,7494.87706389714,3810.14956853678,4566.25294966635,7584.95331387757,7689.51255174,4076.3179720892,8357.62113010158,9433.88061211594,5060.56391899694,62232.5462929905,61049.4981877724,34447.1174743711,6646.81476502848,1730.73886321619,3470.01630641325,3820.20186305187,4045.27588576235,1260.61253891489,5968.86262223522,3316.96681158511,2585.04436959799,16360.3624115193,19948.7461399778,19605.5278372652,4296.01243090374,3319.70333869504,1422.26961361348,3174.01339355971,1926.21822097673,869.268716820535,4119.08963107977,5050.27512738471,1387.30390963554,30768.6478955257,31916.7241718756,18480.6201589285,4519.54555851923,6044.00858791713,4658.68456760776,4776.24655112638,4094.05118832395,3525.87572619281,6682.12877945637,8602.15010400805,5876.16515538481,21605.030536677,52150.3038072915,54024.7479403464,25396.8467915015,22578.3118005145,17880.4944090805
"AT5G39670_CML46",11648.6194737173,16941.6694011655,16509.5408862259,18562.1948069006,18107.7438347156,19170.8619620565,16046.5081462665,11951.6680486395,17164.8730722733,5205.80579887877,2243.31276291096,2103.83835029637,11471.6706406915,19354.0354953351,15988.5909999326,34855.3081962066,14507.9340676046,15661.5285621064,39662.8748135149,26878.6317891631,28873.2845977015,40446.6006530615,25592.3382232122,24309.9042368723,22802.6709861848,19481.3721499048,48340.7131157667,19590.4920841536,8320.90057303021,11017.3615661707,29085.971050632,14967.3774775814,18424.1242696912,22616.211743357,15984.5255422866,19467.2796919324,27090.8445983345,15027.7891225867,23116.0892147499,35560.6557911472,39713.8732526038,12640.5714976923,50353.5894911765,63407.099486745,16949.3864131409,27134.9617566339,31400.792697709,19772.9312854133,19761.4927007684,16737.8682109378,22473.4799747908,9988.8497878655,8679.3146168639,12746.2898183968,15882.8940425035,33717.3290986528,30261.4523378505,21186.7664341097,21614.5207029566,25482.6847476779,17029.569039019,12622.2572200759,19521.0897214045,36917.5571494992,17201.9551059161,21556.212354384,44361.4616637964,98102.6578543124,28688.7109518951,52565.5901112116,33900.0445170322,24880.087677336,27921.459063188,18085.6552164217,25128.0113326098,18368.0701985097,12098.332850442,15640.3356086322,24474.7032375568,16714.2935039233,23043.2126885369,22983.1941444297,19687.5745643671,20823.8481287697,17629.4069178654,16063.3183278309,25237.4604984419,11044.834541304,10261.462024759,13758.5702801086,12844.880090306,23419.3531748988,15115.4591577204,10916.1583823002,24224.8642711095,21606.3927573059,17205.2303856181,37358.0322516751,18703.4765385009,3176.27744848989,3907.30297196651,11495.5068290275
"AT5G42380_CML37",80754.5539691031,43846.7463058057,55313.302739159,24495.8808029045,17667.7498220855,22341.1824955203,21436.6793755334,10062.5914682374,14474.3738169117,7491.69343665706,3605.58037504876,2968.86748428663,19769.174006761,21112.1194068062,28971.1998378768,177896.966004929,68453.5252628496,95446.5717614122,198303.256745212,179452.952926218,180725.556831059,52135.7052353743,23755.2861176878,28589.2762092669,13578.8584615546,11235.9590567815,6634.95935350668,78589.8689192973,40125.3938961313,62385.2931069925,47070.1724784123,30173.6826055211,38627.0568788232,19499.2233678563,11493.3709308001,19623.4094338007,22689.5827483083,16527.953125492,4437.13051183296,76360.6445024572,62858.7663991719,55222.0613141386,134446.907179779,83869.0649833853,42496.6842058345,41251.4669824936,17972.8003781836,18058.1060485736,46528.0139641752,38587.8695310025,9024.57078645365,82378.8203247911,49763.9830218393,62529.2779100591,22175.5671882785,20376.0925055662,28717.6327904232,24301.650131535,17268.6910713431,24455.2188706118,4320.34053302353,4639.19017169944,3799.14734768545,71356.9808304214,34978.0994016931,58543.4023614976,68889.9701281682,98670.9559648354,69079.1133718044,29793.251343849,11433.2984539606,14659.6275843835,11374.402210344,7816.55123285841,8653.63177522055,63611.4506886049,37464.9224880718,54571.9597839748,47972.7249883754,31221.6124376649,62093.9161651747,27412.8033696045,13090.1740999775,21226.2003189289,7296.76096588628,5227.58215104757,2723.93612069952,70813.6071553333,63749.6911718256,50545.8643613665,38729.8817529528,75984.2501234412,63056.7046701633,16386.5764498949,21063.8814891061,29667.0442528496,10915.452191285,9060.12306101392,6577.97815087864,307.379914139575,518.297528565195,1470.53825037851
"AT5G44420_PDF1.2A",138.830159669464,67.1129570940714,30.4636258341591,924.479110241042,91.0526667962865,224.750919571391,630.158762494002,0,128.789667139858,8869.58663088933,784.33862026186,2041.3764772852,30787.3666402257,15754.4211799846,12588.3219166585,279.878253070506,226.484217876601,150.353534362272,681.774935244313,51.1531428124816,173.415807265593,661.83646545556,69.2766228735466,90.3788064827566,36657.1478939248,94.5036005307443,3058.08295841009,183.700543445525,13.0206855225465,41.3753946500727,271.146363017596,3.32840158815713,46.4076062301512,1399.8513259065,20.5338309921584,72.6457831493367,5095.51536967654,57.2514366497231,108.647670108991,0,0,830.462333020978,0,0,742.154502770725,4.53156695476648,0,284.087466981965,169.847638562557,102.840312665172,273.198193717453,60.0341528269484,0,51.4283351079984,48.2379412362058,82.6218717481941,96.6558817975861,19.1572191494925,0,44.7520479695569,609.43963885743,122.446137486977,1208.24674644147,56.6109683748073,18.3362007188893,28.9907426455649,561.877985617964,40.1447489873203,19.5590996620559,534.745509575715,49.0038564214179,129.103871033587,5999.01156675937,458.699105592339,321.179883398186,144.744207731197,51.3567206430514,226.785528744289,356.895475674898,8.98585324442902,533.952661730644,225.374913284824,26.545916683435,557.59044299965,5405.0150979156,286.637695572896,4954.12630748964,96.4484876082606,0,35.8874994983252,31.3301290739951,9.0944445751761,4.43252513234378,25.7003216047038,5.98779125760959,0,3729.28220032056,117.767117456015,128.98671383034,5750.01449033228,19675.9077114237,6076.20855855456
"AT5G52730_HIPP11 ",551.858672244593,679.902218380099,616.415535420168,73.9554346862698,256.065066146078,54.7704881509367,134.99015857691,69.4216874142523,109.599427720175,42.1500342012243,15.2081462185844,0,4584.98435433675,10969.3158504885,15090.800588706,59.87643060652,132.865541664172,46.6451295599645,226.706679863911,548.491791428632,125.948544493523,24.9457613652263,61.2215597870938,0,230.161239921136,1125.90994851979,411.274489529501,1263.10105587748,1878.81718323311,1668.67762745439,1292.09408672702,2452.70352787083,2030.45973652914,806.658065176232,1305.32257997839,1774.78461736267,188.078776093639,1256.99445206858,633.229195306031,2743.18409447205,1518.50828584977,1695.19639319162,1027.47738375435,2069.08648901706,2049.47734433819,121.474807819246,11.1652465279775,1123.88966797875,41.0796691990364,787.64979353383,1254.87192428675,991.350390994319,1124.22507403353,734.357450381117,949.881668372366,1355.24146806618,1119.02207213709,739.401882386198,1974.98509028212,942.78032109973,220.716991425874,912.233375839,284.289488512556,2043.9228814939,1654.33866428199,826.169833015379,2559.72932543586,6220.88537046093,1922.46352892221,1267.21041215274,938.2963837916,487.808653365828,587.14602020698,1319.80796395046,953.212695851191,1136.00022336833,840.059818363374,575.781609400919,1553.994271405,1852.30267993957,1463.06168960105,422.690168816679,1047.06762409589,448.409077354488,395.066052196521,1413.25431731615,1256.37789889175,421.509771197926,1008.64802886245,638.593506246451,1397.94477539546,2209.67017891704,1403.4888374549,250.968097173101,1353.118773105,1095.460353416,220.64235149019,1705.55005627314,392.966266573037,227.582077456829,32.3152925718657,273.749620540115
"AT5G55450_nsLTP4.4",2446.97889689123,11037.2308116847,3931.2028332868,5748.85106363497,7386.59982941023,3144.36515610661,12988.1188382224,27861.1135455713,9683.14360676473,41956.4338043257,28272.3085240946,7562.42456069368,16575.9985924343,12135.5180951847,21564.6052643832,2754.35026915495,2155.8699773998,1321.95457184714,3920.17533140076,1023.98287680381,654.575481054915,9502.22216818137,5101.78686130501,3812.49389374152,40112.8797645614,37768.7051521618,7802.46364613473,13207.3615304078,4631.75447469224,8064.60687385463,13556.6281950647,7573.52182681609,5441.92418017549,14547.8839402262,18066.7908483056,10288.5582417325,68630.8454029206,84797.9291089968,129622.129195867,5925.30686150517,7428.80414857029,9144.99515146169,2039.11517923073,551.827280472691,5316.93970746319,11671.7190166239,11181.9006846692,9544.57418393667,18951.4207238221,20390.4965255549,40612.555421123,5588.78633291713,4240.81342273399,5173.64895156624,10949.0096061168,16789.5106439099,6993.61793951275,17377.4534893314,14104.8402370276,8407.14241079361,57434.8260753677,74226.9980319327,56234.5700768639,8791.47346902886,4758.88167626502,3353.82164007748,4837.52843447256,6152.23276885095,1540.44717218496,15128.7154666509,19532.3013502612,5639.18691038234,33071.2633515636,43015.8620702285,19213.5452521233,4837.23226120312,4729.99971547775,3052.80237767115,2822.98694405332,2295.59459503363,941.42474398928,7410.69634725463,8437.38407852112,3333.365066103,23220.1517781152,31996.8134746734,24433.3624081868,2053.28884590488,2658.30169243461,5542.66795309406,3416.39592839924,4251.29042098081,3227.85532976373,11462.7034194919,8493.78732576263,5771.67093945636,35323.4183067003,76840.2841738136,46864.9664779192,164211.905916173,96621.2523904567,183046.923789412
"AT5G64810_WRKY51",9980.95566522192,6235.55588610932,5203.05532416878,4034.81569713723,4437.44697058134,3187.3007862381,5026.53721786093,3718.06501752935,2359.79623030667,824.77910202137,181.579361896657,54.2656044485893,29489.4967828585,28922.4031727187,36077.3680660901,8306.55778270485,4030.169858922,5522.11183111515,10518.8548993377,3408.38612519507,4609.30351253369,10969.0504762066,6367.48821244619,5354.23685188768,2540.50189607415,1844.40168685013,776.795575345001,24934.7688149076,11695.2227954119,10833.7173950764,18496.5768252835,14858.1186870093,10104.6422035872,17627.055341113,13993.9274127618,12499.1144470891,7936.11062557956,7592.30761530239,7573.63665284487,1021.43837493651,666.080982755961,15503.0129862515,777.716803581135,575.938593071027,15743.5726305772,1039.42613413932,266.61741816916,14616.1948143948,493.881381192345,1489.0035205439,10793.393600865,19923.775194559,10925.0733439186,13635.8905826117,20770.3473654162,19505.4142484874,14934.0723132019,24672.5183972688,11431.334314495,13216.7329966215,7657.23254637598,3460.91794917769,6909.83747656727,3774.38633067293,3734.96940279559,4333.28409610103,2968.62604372149,7562.10031095498,3507.85632767271,3776.62568682665,3522.03281810177,3760.67232097369,1589.52049394678,1667.4376914386,2758.17198987471,12949.7759150983,13488.6288004445,10427.9223632253,11280.357965301,10608.8808813785,9186.39639380288,12634.1871906306,12134.9285957614,9032.31235426198,5899.55772127354,5559.72293374307,2360.0543587933,16349.0629699378,16546.7224760809,12658.1437078457,17308.8790038952,18983.6444584317,16675.2009733458,20844.8151547951,15049.4384591531,15204.1330395874,9841.45900618847,7093.81211330539,12698.3963016829,1743.96065298107,1487.0610190691,3466.77013870326
