"","eds1_a2","eds1_a4","eds1_kv","eds1_mk","gh_a2","gh_a4","gh_kv","gh_mk","myc234_a2","myc234_a4","myc234_kv","myc234_mk","peds_a2","peds_a4","peds_kv","peds_mk","r1ab_a2","r1ab_a4","r1ab_kv","r1ab_mk","sid2_a2","sid2_a4","sid2_kv","sid2_mk","tplr14_a2","tplr14_a4","tplr14_kv","tplr14_mk","wt_a2","wt_a4","wt_kv","wt_mk"
"AT1G01680_PUB54",4.02290939347805,2.16457346934986,2.2941750902587,-0.0634845406674989,-1.12588624609678,-0.063978819610835,-1.36272889120711,0.0223989107854158,4.53532062933148,4.71068258937226,4.2747171879808,3.51828735789157,4.2394089986535,5.05646122120432,3.23168475880243,3.06217103690121,4.19937001682856,4.39470287049185,4.2970147451806,3.00073534920293,4.21406004863035,5.19912636356938,3.44352968950789,3.47434997714646,3.8304840694719,4.42261456807491,3.48981942772612,3.36358320946374,4.05602737156363,4.65497665962145,3.78846289009185,3.48585140064086
"AT1G07160_AP2C2",8.02511100884321,8.96820960564356,8.78724162135544,4.78882731666974,9.52475045752869,9.40380322452464,9.4374749852956,5.08491947917729,6.63618849290985,6.25129468469891,6.76070712324849,4.81507936051277,9.05908312265815,8.73540563424377,9.5786649003519,5.40825710714435,7.11089733712412,6.54318409258904,6.41984377169585,3.51010116313789,8.29511201766241,7.33748231517766,8.34051945671009,5.04183743209193,7.72875253236268,6.75385396794914,7.64823233214417,4.03950644754716,7.66026874589236,6.87216886658724,7.90896413522915,3.8895858359764
"AT1G07920",-2.55996433936077,-1.11255155430474,-1.01665004864321,0.963291403111776,-1.52242947260138,-2.17670633170299,-1.04255691404213,0.779316640150356,-3.56311427456009,-3.5794199964145,-2.98045383222583,-0.928278521762021,-2.14499913535456,-3.09464065040864,-1.01137662651866,0.854843023337146,-3.15815663297915,-3.2458730815024,-3.13144086975092,-0.729816204055041,-2.53965089391515,-3.72105141540953,-1.7401521322871,-0.0261507951728534,-2.61377065915436,-3.54233415759247,-2.20412467849014,-0.472429480723513,-3.16902831989301,-4.06489405059109,-2.96170781946948,-1.37931748392968
"AT1G19250_FMO1",7.30765260701789,5.55508841534015,4.7313616324676,3.68211505634674,3.37243676199823,4.35683630482231,4.54066655518331,3.25181259279936,8.29724041764881,8.61985004943843,8.51349547612863,6.61275886043012,7.31281764348861,7.84907115966605,6.72612794801766,6.20473793978975,9.1296282430697,9.12031499043248,9.05772391602542,6.9549789275837,8.78181584845021,9.06623617373376,8.78485691558692,6.85219011275726,7.95130334812163,8.4445781326932,8.01706439910751,5.37741899713327,8.25397436123082,8.85226869555939,8.69184361508927,7.55090243853637
"AT1G32640_MYC2",-3.3015610044069,-1.65201452849337,-1.60216596871998,1.56246068252989,-1.82285540385092,-1.41665262096167,-1.14729486953827,1.26532291984554,-3.86767159634424,-4.15659262253341,-3.96614117563548,-1.89877796517885,-3.53269499006971,-3.33669061946351,-2.57862578683312,-0.979819889703335,-2.42526315639612,-3.8820771482146,-3.83582074376789,0.0500321402660471,-2.85637904586922,-3.88614811043832,-2.00522865544573,0.647880940610354,-3.45550386784427,-3.59122061589669,-3.07488087124115,-0.240862293769634,-2.83763789172083,-3.38583363609967,-3.00605832752838,0.0359560887166023
"AT1G35210",2.20448237724654,2.5270555667312,1.93739191369885,-0.432979480450253,3.96409981914166,4.11201162791058,3.33014084376336,1.74606534514713,2.69913218748544,2.4091763516899,1.71240462315854,1.09772274268613,2.95315119413481,3.29437984011412,2.40382063032089,1.30049091327606,2.28885824811495,1.79551886419722,1.59675114362963,0.240525127432358,2.57615237013981,3.24756040440155,2.31359181449812,0.685370159252865,2.01295678668363,1.88248778637676,1.67338245129025,-0.00466543961692136,2.30763444379707,2.2735013122693,1.72625384900612,0.80229986499651
"AT1G43910",0.0842354467658794,-1.55711920610044,-1.4353040696591,-1.56143047104537,-3.10812572734447,-3.06910225256161,-2.14946702707668,0.960412277551257,1.02745193397925,1.41765387298592,1.44444037798276,3.21139643792763,-0.14553055036613,0.181828600720771,-0.269070850142238,1.82213355189177,0.200699959202634,1.35539816673856,1.16868809716758,2.74787268469822,0.706801997152628,1.14255189018409,0.852977155112974,2.9681508286404,0.874594472105117,1.37768168102895,1.19858855669432,3.41790179494794,0.719934532011799,1.23113810991801,1.01689303465098,2.97834307535578
"AT1G51920",6.18100082055161,7.29770613309421,7.10717455026146,2.1353124355697,7.27429643508918,7.20450750959437,7.30558833520097,2.85419038810122,6.38163384886169,6.19442056404962,6.49379404966275,4.77423283810943,7.35517654568514,7.28723977598089,7.60425063553023,4.39191902854559,6.17619284787756,5.53868858660332,5.63710016327465,2.71071503628417,6.50738394938175,6.54156993759755,6.78974072779912,2.93970779969554,6.17851248428556,5.38959040069887,5.91378035535639,1.21191507874442,5.84501543376252,5.534410428352,6.00490784046286,2.62519992104925
"AT1G53620",9.07106189319269,7.70341218139566,7.50088600020633,1.49758975531135,6.98133010728679,7.21241690363979,6.25159123091127,-1.39003648152752,10.8110339399381,10.8753266815221,9.69541130886079,8.6009902184684,9.15973897692303,10.321484281316,8.06544995864999,6.94032251479922,10.0992780457044,9.15160763095562,9.35639887779403,6.9106358021229,9.07103824879626,10.7209995512387,8.05530588225946,7.61067935387982,7.84865839124769,8.25137349211417,7.75124690549752,2.80574231789239,9.70641217193811,10.0717236098443,9.05546116833129,7.67983865734268
"AT1G53625",7.99299719233809,8.04920369781202,7.77773511738946,2.52564556265521,9.04788657525512,8.76967045374555,7.90109200170098,4.12950645098665,7.76170000845431,7.4151223038191,6.97522131789497,5.15527648193801,8.49166017825928,8.27331680010569,8.08080254170209,5.15721946306208,8.12765577934091,6.83870023310512,7.1798569895749,3.61332288705827,7.98065391605293,8.32860817971733,7.6652933874807,3.81937329896437,7.7809056483805,6.81882944076887,7.09215585805091,3.23990822813729,8.11961778224968,7.8073618765256,7.12610748736545,4.52521129519266
"AT1G59860_HSP17.6A-CI",2.35551569343309,2.68301975355132,2.52978915176538,-0.157431002816627,3.39509919307055,3.32225331086736,3.25193895667849,0.434141015812337,1.34863564213122,0.852927739679076,1.08174335854569,-0.0720025119666698,3.02970555044727,2.61140458519096,3.6180740039551,2.33709157023017,1.58042947698634,1.49022556999908,1.26248640194155,-0.536428488118552,2.72611992056796,2.04107690218904,2.17096913842952,0.48611742659197,1.84337751282193,1.25534058058544,1.82540710659822,-0.119943154606669,1.18066931491535,0.482312056009603,1.43293344443592,-0.0352649856076315
"AT1G65483",5.3075016567052,2.46255006541579,6.66801414781972,0.815146273348448,4.84074136999082,2.66384099275348,6.24599850598433,4.74223276152195,6.95808934956491,7.09737814162375,6.51337908643715,6.22124874358303,6.98816781568045,6.56647876254823,6.21352797037288,6.82190113025961,5.77920309141544,7.31616246557671,7.43931621296801,4.89882743097518,6.21447728844347,8.59586440767808,8.04473200475299,5.48009595687351,5.36117507084754,6.25546986961901,5.92913831155243,4.35402931781585,5.9489583919844,7.32100487064723,5.69012027748805,5.51155571062892
"AT1G68200_CDM1",2.56026472084906,0.486102453375853,0.575141603121212,0.0546459295130244,-0.462419214259205,0.819124067393711,-0.467503175438458,-0.891694102079745,2.72477379595209,2.7592028335603,1.58584348603211,0.559423877386893,2.8732716833565,3.47532887445668,0.948771765222386,1.34893027992914,2.40506613233386,1.64537441077791,1.34636241268011,-0.170938856269034,3.05354344298593,3.27510277352765,1.4555760281443,1.28125798609011,2.32092175623384,2.88515507753691,1.25429036227374,0.549284519953946,2.45618803966879,2.93580048144462,1.37368230567495,0.617729147029517
"AT1G73805_SARD1",0.421268640740415,0.560161933283566,0.563506384635214,-0.32327157685347,-2.89472944021169,-1.7076753989822,-2.8851012017019,-1.46830054950771,0.232485609052386,0.230753605721221,0.231395555179899,0.953283939061152,-0.296998665014578,0.422119038626962,-0.240204737160382,0.513595865391661,0.29527171727782,0.625273791248082,0.582944370853023,1.23666841976601,-0.125871991774323,-0.13258679116237,-0.128744815280804,0.675688194487591,0.454010355083336,0.846045532712254,0.665305075896579,1.32773769951292,0.228899046027179,0.590043462985012,0.634104232568435,1.22856058682228
"AT1G74710_ICS1",2.13664054530951,1.89308924221749,1.96437265174787,-0.663261151149446,-1.73701882125705,-2.08216677874735,-0.420372008657527,-1.36842455354176,1.82373430199022,1.96317361537792,1.88603157747296,0.538738981416178,0.120398683260165,0.304723014106126,0.107945687043203,-0.685723283246396,1.6575837771514,1.79639415303609,1.87103462650981,-0.182617710694907,-7.94435879001709,-8.96041115473304,-7.40175988288008,-5.21080838753413,1.49041755276418,2.12456459086511,1.45771694873385,-0.00227840668232647,1.38264079530689,1.7089021191922,1.53133017995556,-0.125253370968458
"AT1G77120_ADH1",-2.39273460956329,-0.938588765733023,-0.763641255509599,1.87822413053957,-0.927321536937552,-1.15401067216414,-0.249549635495489,2.49630413020853,-4.41962915212098,-4.4378540248051,-3.5345372288148,-0.699347457888111,-2.1921015618448,-2.12153498337792,-0.794973206460543,3.23480307505856,-3.2983389245763,-3.09384790226903,-3.36496898800596,-0.0213060227650461,-2.63826692833983,-3.34171079983662,-1.57952285903411,1.39521523196273,-2.25217854203652,-3.41630833930621,-1.98693463012092,1.23335014848255,-2.28845146898769,-3.19873778611633,-2.10422610538989,0.0300392286804932
"AT2G04430_NUDT5",1.16262462124887,0.441655745564568,0.758607908097008,0.138094379210164,-0.242504258080229,-0.337038024889005,0.261211355205247,0.186443284878855,1.44567629187055,1.44613236527765,1.50768817708919,0.762378040821508,1.42576492067987,0.830958435417662,1.01108726700655,0.731208397148535,1.21798106999974,1.59873314260067,1.70820242997593,0.593764535303708,1.29093600642418,1.24466842782832,1.29721359383314,0.260679437795802,1.06345825631405,0.810476753218131,1.08720687197461,0.219388999858063,0.705769381486193,0.930368925731126,1.19617748267893,0.519148721788814
"AT2G04450_NUDT6",0.546800910433566,-1.07035679250194,-0.418531691933677,-1.22591592440966,-4.84350210560964,-4.6690103258322,-3.34898198701339,-0.338142798807544,1.07313486496127,1.20954055245934,1.36934277561248,2.24391139846098,0.0850065653658818,-0.51626958225767,0.0660521973300284,1.18206980114848,0.872671518233611,1.21221230238136,1.09574916920852,2.1177723073801,0.57552671524973,0.264078613526626,0.29986950477862,1.11901668057179,0.065048822908907,0.0928703212706288,0.0364146367768841,1.49996590501619,0.377060180367141,0.457109813740301,0.740304985188874,1.66631786359543
"AT2G14610_PR1",-0.103705360454911,-2.26625697238576,-0.556922463915839,3.09460910249212,0.0768754288720268,1.44015834120212,1.64524767103044,1.9478889978579,4.70233726047316,3.85559504307545,4.16922564367897,6.48268168262378,-0.125129711764141,0.732228161640963,-0.564291726049624,2.93166282632852,3.00731753791452,5.10061924372865,5.65865915657262,7.49954356858595,-5.26617412862137,-3.44401501805846,-2.12338182914162,-0.419409607341823,0.204835760159318,-0.471198613776037,2.82600104085457,2.1883770353807,3.28743041662973,4.10809156568993,5.170992704308,7.14369974659768
"AT2G17740_VLG",10.227405995239,11.212554075356,11.4214711750864,4.51915572781067,11.1259484966935,10.7059250134027,11.383485323742,5.69751590674962,9.83493490014652,9.49179025685592,10.3279323219166,5.82075471945112,10.6719016290919,10.0014254170325,11.1831043829962,6.08814622009329,9.27421513012978,9.21980054280878,9.27964962527254,4.95126927318679,10.2127900116819,9.39481891299235,10.7658503557583,5.3635681600681,10.1587746809329,9.29419000564581,10.2328440568135,5.02595681119309,9.74619433760511,8.87248828252938,9.99985465965018,5.4405469754475
"AT2G19190_FRK1",5.80393456860414,6.85097434415324,7.47361852017975,1.27408460159194,6.77079873733461,6.00778145778114,7.52787466469077,2.33183686199369,4.55754713503066,4.33783336652731,5.61818413979031,3.52312970711337,5.86912024531567,4.62395172900498,6.78399476348065,2.43165648670978,4.89958722336089,4.97569066333926,5.46885600200994,3.04986373196214,5.35881209200784,3.64511677148256,6.1608041212178,1.35037120329508,5.29290649563778,4.13791951710031,5.73891309474889,2.210484140006,5.31386395338434,4.14980385858375,5.7304044834081,3.2636227165874
"AT2G24850_TAT3",1.92939873236732,1.95184032297951,2.86903642197015,3.09835615879677,3.16786079694399,2.42685260241419,3.66851675120886,2.78490178069699,1.42736262481719,1.40792114545759,1.99011907256623,3.17590922852122,0.984336810551609,0.322188550789964,1.33695967278436,1.38495400914875,2.47143470857511,2.13564316228412,2.25106045108535,4.27495680011624,1.88132146540057,1.3435992639534,3.22001778520706,3.33104342660967,2.24117367458046,1.65263634871376,2.85611681803268,3.12078086466797,3.13306694825369,2.36736709399228,2.89058527992261,4.74766879760512
"AT2G26400_ARD3",4.35392699250043,1.66623358415146,2.03274768075272,1.9271686950769,2.86714387066578,2.71847248739758,3.08569524985454,4.05740570470694,6.4041971826655,5.47859805245091,5.97294252784144,7.88854815753651,5.12932126664182,4.36967245428265,3.97246180376219,5.25608224724887,6.21818276051808,6.86503266273739,7.12732881532166,7.9132475218077,1.29646600975116,-0.368981403791268,-0.306592023670663,1.41532398790811,5.98973479389292,4.63120260995256,5.61921947092092,5.44937098526955,6.10140257939655,6.36767071036965,6.67967857676704,7.43081424800522
"AT2G30770_CYP71A13",1.84069203572601,1.87911395231252,1.01020260163755,1.18222227663727,3.74735179336564,2.54510519494362,2.64549797367596,1.20852145294021,2.86256670934662,1.61933398404848,2.5005529937392,0.884741528395659,1.9778307389137,1.05296075565063,1.08390469967147,2.58822866369144,2.99669316076172,2.90822462453529,3.21753217981767,1.76585162357532,2.00695115834355,-0.150387482413697,1.76295197917065,1.32676658439513,3.48837896949663,1.66562032905914,2.87868649014218,0.844822540307058,3.49556584857339,2.71670188820203,3.71693178028052,2.61270068842163
"AT2G45760_BAP2",6.86019202017222,3.18415837149742,2.99391270080225,1.26579724683187,5.41060061916841,7.28400273890633,3.26473403359998,2.38105421514052,8.0160495594733,7.75436155602068,6.41291224424501,4.60533531137829,6.26593605354431,7.20922886680713,5.18585133802357,4.19002649400586,7.73420269899366,6.345925647479,6.07372726500412,3.27810020734425,5.97425384926748,6.92997105025033,3.23338634847174,3.05236817545245,7.3389848827534,7.59871488246253,6.18827516257505,4.13207623119536,7.74392234811601,7.933254193313,6.50235375369472,4.60317865187013
"AT3G10815",4.3018583548564,4.13387078021061,3.42434396851016,0.661233171677722,4.25797159360054,4.67298538513841,3.61421186603235,1.0767982726975,4.37907311937144,4.35838094287295,3.85796650501769,3.58196711656289,4.24744557326121,4.61689666955805,3.69233334129129,3.04649667510944,4.70361777808139,4.17742595507184,3.95051783640197,1.78625055916253,4.70748990448245,5.21026027626709,4.38939807829506,3.0160355072886,4.4987579134848,4.41841521585635,4.40433280430067,2.39161415934127,4.8287448054285,4.62536345526039,4.39451521258177,2.89518348628363
"AT3G13100_MRP7",0.769589625310254,0.190792821611735,-0.361315852424588,-0.709740356930181,-1.18965921692714,-1.4130063967992,-1.18027780631595,-0.34509787885943,0.579119401494502,1.01315171218225,0.638242454773481,-0.2218873241342,1.19495482788638,1.52632028359006,0.3147402909574,0.0653805525864933,0.747302570396558,0.785272242716682,0.735329028338785,-0.00153576793025466,0.836013109447791,0.827830057841828,0.0631533066872978,0.231585445935074,0.454189435080548,1.18011845329059,0.034660278818034,0.182997508466534,0.384642972592699,1.10832768113329,0.225338237223889,-0.108930453393412
"AT3G13433",7.03575962786865,6.45990995381628,5.53707067178839,3.30469670469591,7.40498728076749,8.58312128702699,6.5059696477168,2.76165541783014,8.02151377423794,6.83778383152759,6.55750851608191,5.61160480165056,7.31834097208487,7.08405223558406,5.52466166920645,3.47127041302537,7.41847216979201,6.88886989245165,6.86267305086366,4.48222309015463,6.22743623812995,7.18767534161803,5.60704873607285,3.16400483157816,7.17175539048612,6.73284315906398,6.36758994696057,2.36590430254552,7.60635694165117,7.75081154130347,7.42496750108694,4.61868315190052
"AT3G13610_F6'H1",6.5764389364887,4.36278887647797,4.01158638144402,1.47925043831603,3.86032036402016,3.58518209623862,3.34931100061586,0.6847315528156,7.68156390629968,7.47289050275392,7.31203376591942,5.20459218244557,5.87290824708377,5.70557734682918,4.4487528649979,2.61366912014167,7.47707884049546,7.58065809633746,7.49562590513512,4.94850516723453,6.51220949243986,5.62818286071838,4.71813226136032,2.18062693245101,6.84319665417817,6.22023534169757,6.17539545978987,1.68150347709891,7.39023029419523,7.50411834571146,7.45899203282312,5.76857043902936
"AT3G26830_PAD3",4.48580598063128,4.81573730058418,3.95704013551367,1.02831663124277,6.05553831310925,5.03604381868683,5.45015756425592,2.01746061420852,5.04885420959353,4.20399177347679,4.90760628407259,3.12125790260076,5.11504975163455,4.05483007288809,5.11611758994908,0.870511650199734,4.89718502928278,4.54421090576364,4.33667184973284,2.26097981725926,4.73560005019107,3.15061998746829,4.52628492391163,3.17261309487214,5.27570242142686,3.93326279565109,4.84699116332324,1.72605284175281,5.17039912901247,4.07514632561754,4.94459554227402,3.42981366745552
"AT3G27850_RPL12-C",-7.32962285879968,-5.7806727678124,-5.14430261816934,0.230142868942293,-6.48433761480337,-7.24807708036277,-5.67467971086638,-0.707435901719653,-8.85063017025708,-8.85767977485387,-8.08515347973145,-3.09124641499941,-5.93541106121682,-7.30513985973025,-4.69211945189153,0.970473246497021,-8.40346112104023,-8.25644764085719,-8.55012909216564,-2.51631985825923,-7.35091807068325,-8.55914001529835,-6.66838108639685,-1.29759208352903,-8.26290530405501,-8.63275186735298,-7.51224454303416,-1.79394350349212,-8.30271115561781,-9.79481912200892,-8.44675676470015,-3.07365609277233
"AT3G45140_LOX2",-5.13501820852787,-2.71129298162909,-2.95113348061355,1.96403984631567,-2.57568873884686,-3.05822787908094,-1.56633343595197,1.81958341174809,-8.44863814983661,-7.77310767214191,-6.13311185826144,-1.85236791426636,-6.57714216360115,-7.13232200878474,-5.20064743909112,-1.36041461698835,-4.87622834696106,-5.16966283006517,-4.96866024694078,0.709610875791247,-4.51517229349728,-5.20906299955583,-2.34058443047911,0.89581607160037,-4.70320157930732,-5.1401279359007,-3.00850775835153,0.590953127660924,-3.8078193958478,-5.33914447633673,-4.12973767734432,0.17512374283493
"AT3G52430_PAD4",0.362598840004925,-0.310610525221943,0.0697425787536566,-0.971845993953918,-0.932983276650425,-0.226789031988879,-0.100343252409589,-0.237808952021939,0.00870098005465411,0.201910768283276,0.225594693980271,-0.0528039088767021,-0.540262675260799,-0.196058468334999,-0.6534627576778,-0.657041043602871,-0.0461806851552654,0.323790180827061,0.412630556672459,-0.0148619688735668,0.0709414942959898,0.0255916062286295,0.0455177058683282,-0.214308396155309,-0.04391721453358,0.275938642761053,0.22811119833693,0.0724830002480849,-0.145096590044212,0.122618749668381,0.157721958809414,-0.149999812341932
"AT3G57950",0.906668213895281,-0.0564192648878356,0.373800943487525,-0.788036764581581,-2.49905964836209,-1.25715287445212,-0.559142349350105,-5.95400632376241,3.38681888980544,4.02810081557291,3.78909511776705,2.69538198033762,3.75112057330085,3.44850676498049,2.84877194856489,2.43694886748437,2.63620272591275,3.05560069974661,3.6011286771916,2.33963065696217,3.11630170251297,4.50620875565013,3.29321798964411,3.70150864706078,3.51755717980842,4.34764392841361,3.55276278738391,2.88739734237589,2.21065518235133,3.76079652453686,3.4442670798555,3.39041179155499
"AT4G01250_WRKY22",1.81013350009017,4.16312885764768,4.02349836936999,-0.182277982791942,3.35038128352511,3.55112001403511,4.1266854237433,-0.00320866341321991,1.00112461875039,0.607667444794933,1.67763125178505,-1.78925423266905,1.76894106706181,1.89639923648573,3.08608567602974,0.877792860705416,1.33947877290145,1.56649352590306,1.55745903212742,-1.28798931229604,1.83494400223189,1.25148824565706,3.28738708533386,-0.842337366141895,1.41111079819916,1.04004878540874,2.27135894569787,-1.28615833149906,1.82440660392704,0.960156231432388,2.36620971746784,-1.46118796899542
"AT4G05320_UBQ10",-2.09168317723292,-1.1853280733779,-1.30972630041893,0.0475631325846677,-1.01416632684779,-1.32504348825441,-0.805206950659487,-0.29380120240603,-2.48780548560439,-2.5055452252222,-2.22920878074337,-1.35771521124611,-1.95078298541762,-2.5846184861191,-1.42515220388985,-0.576199896702072,-2.42187909062628,-2.49751108817302,-2.49742371937616,-1.45445844067868,-2.2812310802182,-3.13670754063834,-1.88669083683278,-1.08610937397762,-2.12290529786304,-2.85839998594873,-1.89407671415968,-1.20774278111554,-2.13165707949818,-2.85314924715771,-2.43200466443198,-1.60408452530447
"AT4G11370_RHA1A",0.0889442711398543,-0.545400819544047,-1.0789913988686,0.499935514410006,1.56330659257538,1.50339391944882,0.624460210554108,0.268242652111624,1.18955269257523,0.668302546526278,0.273995076135687,-0.916195190433189,0.723433834802361,0.452622567548752,0.198328780925746,1.90630629652219,0.854525045474553,-0.195829839965847,-0.359743666260875,-1.47078507867065,-0.0122273597012871,0.233513310031027,-0.364575510222138,-0.37362635791214,0.700658612618561,-0.167992078697259,0.0513557901571935,-0.924274756139374,0.95302691273907,0.403840471704453,0.218789202816826,-0.993381860456543
"AT4G12720_NUDT7",0.974639955937889,1.58390978716922,1.56208929259102,-0.0139510463161972,2.4814628622635,3.16759351920158,2.74651373696354,1.91113001818466,0.638275780195839,0.76563186779978,0.682285463597758,0.445219772553219,1.04881621411519,1.47942043418622,1.43563289390955,1.73957876083761,0.491216619451848,0.845771847435649,0.81794298252638,0.249657510846586,1.0366053618666,1.59728586441923,1.45214736303898,0.827404546296674,0.57103430109428,1.11343330145164,0.971808434941184,0.923909624296886,0.542032406753902,0.554390037368798,0.80333241043384,0.449684527997775
"AT4G18960_AG",-5.4936023265605,-3.31337789548422,-3.94932608599396,-0.308512296616057,-5.24932388321573,-6.3789123237038,-4.4724445788882,-1.21467936863028,-5.98348121692641,-6.39895035166004,-5.57742387630801,-3.23564920202192,-5.90535920185572,-7.15061769888335,-4.40116377266677,-0.160503336278425,-7.45137380343605,-6.5438123338259,-7.65791647867693,-3.40238614800299,-5.69556205307825,-5.40975642074591,-4.28675249714557,-1.85357670961196,-6.65110104871529,-7.0660874849607,-5.96176237386328,-2.41246598291167,-6.98227575578575,-7.50485355868302,-6.35791302594616,-3.59856570702854
"AT4G21840_MSRB8",3.0880029091959,1.21238716180099,1.43935625519008,0.315815226977156,3.03863981417981,2.90967822926864,2.99348580871656,0.627395658485193,4.65470872228142,5.01698418560292,4.63193892061247,2.95494381364484,3.94096246417062,3.34836780163727,3.24163760700331,0.672702695968559,4.46559794413679,4.583728941322,4.75819124059916,2.18742045337256,3.76846320730879,4.23293704397363,4.14237301483453,2.62328257541992,3.92044104459946,3.51254211556511,3.62428761524701,0.827646716838898,4.84423636500462,4.92440651932391,4.66317167659769,3.67450924046083
"AT4G28410_RSA1",NA,NA,NA,NA,NA,NA,NA,Inf,Inf,Inf,NA,NA,NA,NA,Inf,NA,Inf,Inf,NA,NA,NA,Inf,Inf,NA,NA,NA,Inf,NA,NA,NA,Inf,NA
"AT4G39030_EDS5",2.7741018792,2.209716671546,1.9226835472475,0.195937596569528,1.55787801240342,1.63372884064838,1.6757633539188,1.0163020096032,2.46106567133703,2.7692463713695,2.58120090427513,1.33660989650738,2.63826058967784,2.56775724665375,2.39879049638262,1.43413513325786,2.7622622599799,2.81223945686748,2.90633239282811,1.54678014162406,3.0059117003978,3.21219246986739,2.94984897699027,2.2573120047705,2.90426892338943,3.2882905270305,3.13394336797773,2.06820001106313,2.86929859719951,2.91179238985617,2.91244214732003,2.02296966164457
"AT5G03840_TFL1",-5.06253914869875,-2.09677083475765,-2.91503705170522,0.505575638093427,-4.25088616559939,-3.68318212888024,-2.97851002324884,-1.69879589736583,-5.78566629804257,-4.77975767009505,-4.7017312256518,-2.86640099539203,-5.11583539474146,-6.16776208965504,-5.63112838709279,-2.75439730380996,-4.26631834090723,-5.11204740755114,-5.63776314484657,-1.69826306448283,-3.33534954912833,-4.4163351778951,-2.99376041006867,-2.44560617284459,-5.89061125988862,-6.52258371456082,-5.77638691822902,-2.36608467487596,-4.72287145266241,-5.90859870127565,-5.73608700657757,-2.34774936526809
"AT5G09810_ACT7",-2.68197185245479,-1.32753883661444,-1.35964754196742,1.01764911428241,-1.56001684398312,-2.07705996662764,-1.20474355674979,1.07534436521533,-4.01968274457692,-4.18692151525372,-3.48772166082389,-1.00641288671323,-2.20794161385138,-3.0971448552268,-1.20472092627142,1.69632821371313,-3.4056032225461,-3.44584648398375,-3.80035371064093,-0.771049514264691,-2.69303298761696,-3.73701176222575,-2.04855170736494,0.229698731797499,-2.73705629538983,-3.53913374922727,-2.49008652379088,-0.155674113174782,-3.02651343146101,-4.05601917324911,-3.17395563695242,-0.463395314566471
"AT5G13320_PBS3",4.71305449807215,3.23108959636717,3.17795980132877,-0.0154104466156658,1.8294083263386,2.23919104432316,2.30460814171235,0.0556806742894976,4.31245664779002,4.45152653688363,4.21085412598226,2.16567629685341,4.79461146104555,4.42794227743453,4.11088326920822,1.8802671033184,4.45937859184553,4.21221216033585,4.40889587047683,1.6382589559877,4.92224901267387,4.58194435877122,4.35155335251305,2.18954178453332,4.6078109452511,4.72680172773917,4.5189204505437,1.96373218443595,4.55645194122725,4.58859216700244,4.32904256049982,2.18541821417006
"AT5G26690_HIPP02",-3.02915251961374,-4.0667675617093,-2.20988961930234,-1.21855461004738,-3.1592684199455,-3.56595980918143,-2.00138492810094,-0.00320938605887721,-2.12867488764352,-2.26259474472383,-1.76310428133589,1.32300295795059,-2.89353105311865,-3.69986335258706,-2.82448727448036,-0.143316568460718,-2.05288883915409,-1.76691527921833,-1.52698270532485,1.26007022848506,-2.47471610864855,-2.85123845361124,-2.47188115142421,-0.236081308849254,-2.86523415677661,-3.46362520279079,-2.64115264551981,0.301568092915244,-2.11312673603249,-2.40941243717799,-1.6379373838506,0.95628378297534
"AT5G39670_CML46",1.27944236076857,1.58763999901594,1.28146326867204,-0.959660364396301,1.80730978256216,2.36053330318095,2.28182650101514,2.28622558272373,1.06715655012497,1.74965647095205,1.64406413989167,1.81196045517138,2.24243136098986,2.81461881912992,2.07549270837806,1.66637106752105,0.757748888774673,2.10382371272483,1.87786735131683,1.40418428332774,2.02615095724152,3.20353361929175,2.58329460146891,1.93688249312086,1.31129799391695,1.78961729549564,1.77295465640247,1.66532718651489,0.916346622629424,1.46751862681666,1.61087505867268,1.97947878126761
"AT5G42380_CML37",6.29191031270668,4.81207674150976,4.32347697164339,2.61489654269469,7.21773802342912,7.92610820294709,5.50782851963773,3.77571970975432,6.30138899797496,5.65711646313444,4.46226353551801,4.24880580450974,6.40393398571672,6.82761190350463,5.07280932944735,5.35748474304149,6.40564401897413,4.95595053045618,4.84569456252743,2.47414878501043,6.16600115572315,6.68729222120471,4.60516142611745,3.60006673012956,6.08288814825703,5.94323955107523,4.74862250345278,2.7313163724557,6.33297433175929,6.27461669131347,4.86935895439674,3.53157486392799
"AT5G44420_PDF1.2A",-7.05803442011597,-4.6667085183063,-5.37530374538895,-1.42952033137287,-5.58403598692186,-5.11924706156036,-5.2610592625704,0.337671834299268,-7.04775844127656,-6.61726107293256,-4.39913344596577,-2.58192680350152,-5.24539086969806,-5.40758604317273,-6.77013915731125,-5.85070552285223,-8.14274734253866,-7.11333953297377,-8.94520855512403,-4.02122230811089,-8.24358362496291,-5.66336126198271,-5.46570051989533,-2.2163283298214,-6.21903524458021,-5.1296467387505,-5.28225443244458,-1.56516787791315,-7.89510016583996,-9.45589738407497,-9.95729195370609,-2.98604667774553
"AT5G52730_HIPP11 ",1.79214486780619,-0.471810694852002,-0.765069353347902,-3.21781454629631,-1.15654028737998,0.755876781377536,-2.63067297151263,1.72762663201596,3.17225799061135,3.4359276213602,2.86461236561074,1.96144798828889,3.48060140695641,3.26950539784809,1.23548718305203,1.96512168807455,2.41697034556261,2.6817862692573,2.77676900844628,1.40912632826466,3.08377887414417,4.32599625841078,2.3354255980681,2.42214160991578,2.25758119413726,3.18977414826175,1.8457706180687,2.5217874274023,1.95480260839992,3.23117080518505,2.33875983984155,2.11964391649454
"AT5G55450_nsLTP4.4",-4.6717334196599,-4.76901366978732,-3.13489005213167,-2.51249172010983,-6.15429045996979,-6.30892560480166,-4.59109893135363,-2.3730714191136,-4.09893861129486,-4.06218721977514,-3.37101169998343,-0.649108443307309,-4.30223038043226,-5.81073478881027,-3.77618467914331,-2.47291932737516,-4.88682314153507,-3.67582683896407,-3.47609133786442,-1.24023259206296,-4.71471830771457,-5.14668766134689,-3.46131093606623,-2.21961170094256,-5.13638223036985,-6.19470687339835,-4.53238662370354,-2.47841777137153,-5.43587489695466,-5.34836014522497,-4.10874968995583,-1.48088310172845
"AT5G64810_WRKY51",1.6771718695045,0.799756335383943,0.729373804856953,-2.65877214053665,1.41488089416493,1.46861489295376,1.76034848107133,-0.375839474456303,2.82506740475834,2.69790875103554,2.71967853115348,1.78626374476596,1.35985678366191,1.35200500181184,1.24928572769801,0.93171022848751,2.73155305361992,3.04316782328488,2.88043249443917,1.42848095445164,0.822233268169134,1.0676398521376,0.723506655949606,-0.155089573526388,2.46054625248013,2.21402644461589,2.33532676477454,1.04493075675303,2.76581805769852,2.98335609167692,2.93152030300855,2.14547974508608
